id,type,age,sex,job,ms,house,Pa,Pb,Pc,Pd,spend
1,0,1,F,1,1,1,0,1,0,1,9.32
2,0,1,M,1,1,1,0,0,1,1,11.88
3,0,1,F,1,1,1,0,0,0,1,4.06
4,0,1,F,1,1,1,0,1,0,1,9.61
5,1,1,F,1,1,1,0,0,0,1,3.99
6,0,1,F,1,1,1,0,0,1,0,8.3
7,1,1,F,1,1,1,0,1,0,1,9.62
8,0,1,M,1,1,1,0,0,0,0,0.41
9,0,1,F,1,1,1,0,0,0,1,4.13
10,0,1,M,1,1,1,0,0,1,1,11.83
11,0,1,M,1,1,1,1,0,0,1,14.61
12,1,1,M,1,1,1,1,0,1,0,18.19
13,1,1,F,1,1,1,0,1,0,0,5.9
14,1,1,M,1,1,1,1,0,0,1,14.23
15,0,1,F,1,1,1,0,0,1,0,8.18
16,1,1,M,1,1,1,1,0,0,1,14.47
17,0,1,M,1,1,1,0,0,0,0,0.12
18,0,1,M,1,1,1,0,0,1,1,11.99
19,0,1,M,1,1,1,0,0,0,0,0.15
20,1,1,F,1,1,1,0,0,0,1,3.94
21,1,1,F,1,1,1,0,0,1,0,8.1
22,0,1,F,1,1,1,0,0,1,1,11.8
23,1,1,F,1,1,1,0,0,0,1,4.32
24,1,1,M,1,1,1,0,0,0,0,0.07
25,1,1,M,1,1,1,0,0,1,1,12.26
26,0,1,M,1,1,1,0,0,0,0,0.25
27,0,1,M,1,1,1,0,0,0,1,3.97
28,0,1,M,1,1,1,0,0,0,0,0.35
29,1,1,M,1,1,1,1,0,0,0,10.62
30,0,1,F,1,1,1,0,0,1,0,8.02
31,1,1,M,1,1,1,0,0,0,1,4.17
32,1,1,M,1,1,1,0,0,1,1,12.26
33,1,1,F,1,1,1,0,0,0,0,0.16
34,1,1,F,1,1,1,0,1,0,1,9.37
35,1,1,F,1,1,1,0,1,1,0,13.38
36,0,1,M,1,1,1,0,0,0,0,0.07
37,0,1,F,1,1,1,0,0,0,0,0.4
38,0,1,M,1,1,1,0,0,0,1,4.02
39,1,1,F,1,1,1,0,0,1,1,11.94
40,1,1,F,1,1,1,0,0,1,1,11.85
41,0,1,F,1,1,1,0,0,0,1,3.94
42,0,1,F,1,1,1,0,0,1,0,8.1
43,1,1,M,1,1,1,0,0,0,1,4.07
44,1,1,M,1,1,1,0,0,0,0,0.08
45,0,1,F,1,1,1,0,0,0,0,0.27
46,0,1,M,1,1,1,0,0,0,0,0.22
47,0,1,M,1,1,1,0,1,0,0,5.72
48,0,1,F,1,1,1,0,0,1,1,12.02
49,0,1,M,1,1,1,0,0,0,1,4.01
50,0,1,F,1,1,1,0,0,0,1,4.03
51,1,1,M,1,1,1,1,0,0,0,10.62
52,1,1,M,1,1,1,0,0,1,1,12
53,0,1,M,1,1,1,0,0,1,0,8.31
54,0,1,M,1,1,1,0,0,1,1,12
55,1,1,F,1,1,1,0,0,1,0,8.2
56,0,1,F,1,1,1,0,0,0,0,0.13
57,1,1,F,1,1,1,0,0,1,0,8.36
58,1,1,F,1,1,1,0,0,1,0,8.37
59,1,1,F,1,1,1,0,0,1,0,8.23
60,1,1,M,1,1,1,0,0,0,0,0.29
61,1,1,M,1,1,1,1,0,0,1,14.4
62,1,1,F,1,1,1,0,0,1,1,11.94
63,0,1,F,1,1,1,0,1,0,0,5.79
64,1,1,F,1,1,1,0,1,0,1,9.44
65,0,1,F,1,1,1,0,1,0,0,5.72
66,1,1,M,1,1,1,1,0,0,0,10.35
67,0,1,M,1,1,1,0,0,0,1,4.01
68,1,1,F,1,1,1,0,0,0,0,0.44
69,1,1,M,1,1,1,0,0,1,1,12.16
70,1,1,F,1,1,1,0,0,0,0,0.11
71,0,1,M,1,1,1,0,0,0,1,4.38
72,0,1,M,1,1,1,1,0,0,0,10.66
73,0,1,F,1,1,1,0,0,0,1,4.34
74,0,1,F,1,1,1,0,1,0,1,9.35
75,1,1,F,1,1,1,0,0,0,1,4.22
76,0,1,F,1,1,1,0,0,0,0,0.12
77,1,1,F,1,1,1,0,0,0,0,0.2
78,0,1,F,1,1,1,0,1,0,0,5.66
79,1,1,F,1,1,1,0,1,0,1,9.54
80,0,1,M,1,1,1,0,1,1,0,13.69
81,0,1,F,1,1,1,0,0,1,1,11.92
82,1,1,F,1,1,1,0,0,1,0,7.91
83,0,1,M,1,1,1,1,0,0,0,10.73
84,1,1,M,1,1,1,0,0,0,1,4.15
85,0,1,M,1,1,1,0,0,0,0,0.29
86,0,1,M,1,1,1,0,0,0,0,0.2
87,1,1,M,1,1,1,0,0,0,0,0.19
88,1,1,M,1,1,1,0,0,1,0,8.01
89,1,1,M,1,1,1,1,0,0,0,10.36
90,0,1,F,1,1,1,0,1,0,1,9.4
91,1,1,F,1,1,1,0,0,1,1,12.22
92,0,1,M,1,1,1,0,0,1,1,12.15
93,1,1,F,1,1,1,1,0,1,0,18.4
94,0,1,M,1,1,1,0,0,0,1,4.06
95,0,1,M,1,1,1,1,0,0,1,14.24
96,1,1,F,1,1,1,0,0,1,1,11.84
97,0,1,F,1,1,1,0,0,0,0,0.23
98,0,1,M,1,1,1,0,0,1,1,12.08
99,0,1,M,1,1,1,1,0,0,0,10.5
100,1,1,F,1,1,1,0,0,0,1,3.92
101,0,1,F,1,1,1,0,0,1,0,8.08
102,1,1,M,1,1,1,0,0,0,1,4.37
103,0,1,F,1,1,1,0,1,1,0,13.49
104,0,1,M,1,1,1,0,0,1,1,11.98
105,1,1,F,1,1,1,0,0,0,0,0.38
106,1,1,M,1,1,1,1,0,0,1,14.64
107,0,1,M,1,1,1,0,0,1,0,8.22
108,1,1,M,1,1,1,1,0,0,1,14.39
109,0,1,M,1,1,1,0,0,1,1,12.03
110,1,1,M,1,1,1,0,0,1,1,12.08
111,1,1,M,1,1,1,1,0,1,1,22.49
112,1,1,M,1,1,1,0,0,1,0,8.34
113,1,1,M,1,1,1,1,0,0,1,14.36
114,1,1,M,1,1,1,0,0,0,0,0.31
115,1,1,M,1,1,1,1,1,1,0,23.65
116,0,1,F,1,1,1,0,0,1,0,8.17
117,0,1,F,1,1,1,0,0,1,0,7.94
118,0,1,F,1,1,1,0,0,1,0,8.23
119,0,1,F,1,1,1,0,0,0,1,3.99
120,0,1,M,1,1,1,0,0,1,1,11.86
121,0,1,M,1,1,1,1,0,0,1,14.48
122,1,1,M,1,1,1,0,0,0,1,4.21
123,0,1,M,1,1,1,0,0,0,0,0.39
124,0,1,M,1,1,1,1,0,1,1,22.5
125,1,1,F,1,1,1,0,0,0,0,0.06
126,0,1,F,1,1,1,0,0,1,1,12.18
127,0,1,F,1,1,1,0,0,1,0,8
128,1,1,F,1,1,1,0,0,0,1,4.4
129,1,1,F,1,1,1,0,0,0,0,0.14
130,1,1,M,1,1,1,1,0,0,0,10.3
131,1,1,F,1,1,1,0,0,0,1,4.08
132,1,1,F,1,1,1,0,0,0,1,3.95
133,0,1,F,1,1,1,0,0,0,1,4.36
134,0,1,M,1,1,1,0,0,1,1,12.12
135,0,1,F,1,1,1,0,0,0,1,4.34
136,1,1,F,1,1,1,0,0,0,0,0.32
137,0,1,F,1,1,1,0,1,0,1,9.47
138,1,1,M,1,1,1,0,0,1,1,12.17
139,0,1,M,1,1,1,1,0,0,1,14.18
140,0,1,M,1,1,1,0,0,1,1,11.95
141,0,1,F,1,1,1,0,1,0,1,9.68
142,0,1,F,1,1,1,0,0,0,0,0.39
143,1,1,F,1,1,1,0,0,0,1,4.26
144,1,1,F,1,1,1,0,0,1,0,7.92
145,1,1,F,1,1,1,0,0,1,1,11.91
146,0,1,M,1,1,1,0,0,0,0,0.35
147,1,1,M,1,1,1,0,0,1,0,8.38
148,0,1,M,1,1,1,0,0,0,1,4.37
149,1,1,F,1,1,1,0,0,0,0,0.05
150,1,1,M,1,1,1,0,0,1,0,8.2
151,0,1,F,1,1,1,0,0,0,1,4.13
152,1,1,M,1,1,1,1,0,0,0,10.61
153,1,1,F,1,1,1,0,0,1,0,8.08
154,1,1,M,1,1,1,0,0,1,0,8.24
155,1,1,F,1,1,1,0,0,0,0,0.38
156,0,1,F,1,1,1,0,0,0,0,0.41
157,1,1,M,1,1,1,1,0,0,1,14.57
158,0,1,M,1,1,1,0,0,0,0,0.11
159,0,1,M,1,1,1,0,0,0,1,3.9
160,0,1,F,1,1,1,0,0,1,1,12.03
161,0,1,M,1,1,1,1,0,1,0,18.62
162,1,1,F,1,1,1,0,0,1,0,8.01
163,1,1,F,1,1,1,0,1,1,0,13.57
164,0,1,M,1,1,1,0,0,0,0,0.11
165,0,1,F,1,1,1,0,0,1,0,8.36
166,0,1,F,1,1,1,0,0,1,1,12.06
167,1,1,M,1,1,1,1,0,0,1,14.52
168,0,1,F,1,1,1,0,0,0,1,3.95
169,0,1,F,1,1,1,0,1,0,0,5.78
170,1,1,M,1,1,1,1,0,1,1,22.41
171,1,1,F,1,1,1,0,0,1,1,11.94
172,1,1,F,1,1,1,0,0,0,0,0.44
173,1,1,M,1,1,1,0,0,1,0,8.19
174,1,1,F,1,1,1,0,0,0,0,0.32
175,0,1,M,1,1,1,1,0,0,1,14.31
176,1,1,F,1,1,1,0,0,0,1,4.01
177,0,1,M,1,1,1,1,0,0,0,10.33
178,0,1,F,1,1,1,0,0,0,0,0.13
179,0,1,M,1,1,1,0,0,1,1,11.92
180,1,1,M,1,1,1,0,0,0,0,0.12
181,0,1,M,1,1,1,0,1,0,0,5.81
182,1,1,M,1,1,1,0,0,1,0,8.15
183,0,1,M,1,1,1,0,0,1,1,11.98
184,0,1,F,1,1,1,0,0,0,0,0.44
185,1,1,M,1,1,1,0,0,0,1,4.34
186,1,1,F,1,1,1,0,0,1,0,8.2
187,1,1,M,1,1,1,0,0,0,1,4.09
188,1,1,F,1,1,1,0,0,0,1,4.23
189,0,1,M,1,1,1,0,0,0,1,4.15
190,0,1,M,1,1,1,0,0,1,0,8.31
191,1,1,F,1,1,1,0,0,0,0,0.06
192,1,1,F,1,1,1,0,0,0,1,4.04
193,1,1,F,1,1,1,0,0,1,0,8.01
194,1,1,M,1,1,1,0,0,1,1,12.28
195,0,1,F,1,1,1,0,1,0,0,5.78
196,1,1,F,1,1,1,1,0,1,0,18.18
197,1,1,M,1,1,1,0,0,0,0,0.42
198,0,1,M,1,1,1,1,0,1,0,18.2
199,1,1,M,1,1,1,1,0,1,0,18.62
200,1,1,F,1,1,1,0,0,1,1,12.16
201,0,1,F,1,1,1,0,0,1,0,8.04
202,1,1,F,1,1,1,0,0,0,1,4.08
203,1,1,M,1,1,1,0,0,0,1,3.97
204,1,1,M,1,1,1,0,0,0,1,4.07
205,0,1,F,1,1,1,0,0,0,1,4.25
206,0,1,F,1,1,1,0,0,0,0,0.46
207,1,1,M,1,1,1,1,1,1,1,27.61
208,0,1,M,1,1,1,1,0,0,1,14.48
209,0,1,M,1,1,1,1,0,1,0,18.43
210,0,1,M,1,1,1,1,1,1,1,27.86
211,1,1,F,1,1,1,0,0,0,1,4
212,1,1,M,1,1,1,0,0,1,1,12.19
213,0,1,F,1,1,1,0,1,0,0,5.78
214,1,1,M,1,1,1,0,0,0,0,0.39
215,0,1,F,1,1,1,0,0,1,0,7.99
216,1,1,F,1,1,1,0,1,0,1,9.49
217,0,1,M,1,1,1,0,0,1,0,8.04
218,1,1,F,1,1,1,0,0,0,0,0.01
219,0,1,F,1,1,1,0,1,1,0,13.64
220,1,1,F,1,1,1,0,1,1,0,13.74
221,1,1,M,1,1,1,1,0,0,1,14.19
222,0,1,F,1,1,1,0,0,0,0,0.37
223,0,1,F,1,1,1,1,1,1,0,23.63
224,1,1,F,1,1,1,0,0,0,0,0.32
225,0,1,F,1,1,1,0,0,0,0,0.24
226,1,1,M,1,1,1,1,0,0,0,10.69
227,0,1,F,1,1,1,0,1,0,0,5.84
228,1,1,F,1,1,1,0,0,0,0,0.25
229,0,1,F,1,1,1,0,0,0,1,3.98
230,1,1,M,1,1,1,1,0,0,0,10.36
231,1,1,M,1,1,1,0,0,1,1,12.01
232,1,1,F,1,1,1,0,0,1,0,8.34
233,0,1,F,1,1,1,0,0,0,0,0.28
234,0,1,M,1,1,1,1,0,0,1,14.51
235,0,1,F,1,1,1,0,0,1,0,8.26
236,1,1,M,1,1,1,0,0,0,1,4.07
237,1,1,F,1,1,1,0,0,1,0,8.07
238,0,1,M,1,1,1,1,0,0,0,10.39
239,1,1,M,1,1,1,1,0,0,1,14.52
240,0,1,F,1,1,1,0,0,1,1,11.9
241,0,1,M,1,1,1,1,0,1,1,22.2
242,1,1,F,1,1,1,0,0,0,0,0.02
243,0,1,M,1,1,1,0,0,0,0,0.22
244,1,1,F,1,1,1,0,0,0,1,4.28
245,0,1,M,1,1,1,0,0,1,1,11.8
246,0,1,M,1,1,1,0,0,0,0,0.24
247,1,1,M,1,1,1,1,0,0,1,14.22
248,0,1,M,1,1,1,0,0,0,0,0.17
249,0,1,F,1,1,1,0,0,0,1,4.13
250,1,1,M,1,1,1,1,0,1,1,22.3
251,1,1,F,1,1,1,0,0,1,0,8.08
252,1,1,F,1,1,1,0,0,0,0,0.19
253,0,1,F,1,1,1,0,0,0,1,4.35
254,0,1,M,1,1,1,0,0,0,0,0.18
255,0,1,F,1,1,1,0,0,1,1,11.8
256,0,1,M,1,1,1,1,0,0,1,14.27
257,1,1,F,1,1,1,0,0,0,1,3.94
258,0,1,F,1,1,1,0,0,0,1,3.97
259,1,1,M,1,1,1,1,0,0,1,14.57
260,0,1,F,1,1,1,0,0,0,1,4.08
261,1,1,F,1,1,1,0,0,0,0,0.02
262,1,1,F,1,1,1,0,0,1,1,11.93
263,0,1,F,1,1,1,0,0,0,1,4.17
264,0,1,M,1,1,1,0,0,1,0,8.12
265,1,1,M,1,1,1,0,0,0,0,0.39
266,1,1,M,1,1,1,0,0,0,0,0.07
267,1,1,M,1,1,1,0,0,0,0,0.48
268,0,1,M,1,1,1,0,0,0,1,4.19
269,1,1,F,1,1,1,0,0,0,0,0.19
270,1,1,M,1,1,1,1,0,0,1,14.34
271,1,1,F,1,1,1,0,0,1,0,8.29
272,1,1,M,1,1,1,0,0,0,0,0.38
273,1,1,F,1,1,1,0,0,1,0,8.17
274,0,1,M,1,1,1,0,0,0,0,0.46
275,0,1,M,1,1,1,0,0,0,1,4.04
276,0,1,F,1,1,1,1,1,1,0,23.74
277,0,1,M,1,1,1,0,0,0,1,4.22
278,0,1,M,1,1,1,1,0,0,1,14.54
279,1,1,M,1,1,1,1,0,0,1,14.46
280,0,1,M,1,1,1,1,0,0,0,10.74
281,0,1,M,1,1,1,0,0,1,1,11.91
282,0,1,M,1,1,1,0,0,0,1,4.26
283,0,1,M,1,1,1,0,0,0,1,4.34
284,0,1,M,1,1,1,0,0,0,1,4.29
285,1,1,F,1,1,1,0,0,0,0,0.13
286,0,1,M,1,1,1,0,0,1,1,12.12
287,1,1,F,1,1,1,0,1,0,1,9.5
288,0,1,F,1,1,1,0,1,1,1,17.32
289,1,1,M,1,1,1,0,0,0,0,0.35
290,1,1,M,1,1,1,0,0,0,0,0.07
291,0,1,F,1,1,1,0,0,1,0,7.91
292,0,1,M,1,1,1,1,0,1,1,22.3
293,0,1,M,1,1,1,0,0,0,1,4.2
294,0,1,F,1,1,1,0,1,0,0,5.57
295,1,1,F,1,1,1,0,0,0,1,4.17
296,1,1,M,1,1,1,1,0,0,1,14.46
297,0,1,F,1,1,1,0,1,0,1,9.48
298,0,1,M,1,1,1,0,0,1,1,12
299,0,1,M,1,1,1,0,0,1,1,12.17
300,1,1,F,1,1,1,0,0,0,0,0.03
301,1,1,M,1,1,1,0,0,0,1,3.97
302,1,1,M,1,1,1,0,0,0,1,4.09
303,1,1,M,1,1,1,0,0,0,1,3.97
304,1,1,M,1,1,1,0,0,0,0,0.48
305,0,1,M,1,1,1,0,0,1,0,8.24
306,1,1,F,1,1,1,0,0,0,1,4.18
307,0,1,M,1,1,1,0,1,1,0,13.43
308,1,1,M,1,1,1,1,0,1,0,18.3
309,0,1,F,1,1,1,0,1,1,1,17.6
310,0,1,M,1,1,1,0,0,1,0,8.23
311,0,1,F,1,1,1,0,0,1,0,8.07
312,0,1,F,1,1,1,0,0,0,0,0.44
313,0,1,M,1,1,1,0,0,0,0,0.1
314,1,1,F,1,1,1,0,0,0,1,4.3
315,0,1,M,1,1,1,1,0,0,0,10.47
316,0,1,M,1,1,1,1,0,0,0,10.32
317,0,1,M,1,1,1,0,0,1,0,8.15
318,1,1,M,1,1,1,0,0,0,1,3.92
319,1,1,M,1,1,1,0,0,0,1,3.91
320,1,1,F,1,1,1,1,0,0,0,10.51
321,0,1,M,1,1,1,0,0,0,0,0.34
322,1,1,M,1,1,1,0,0,0,0,0.49
323,0,1,M,1,1,1,0,0,0,0,0.36
324,1,1,M,1,1,1,1,0,1,0,18.33
325,0,1,M,1,1,1,1,0,0,1,14.57
326,0,1,F,1,1,1,0,0,1,0,8.03
327,0,1,M,1,1,1,1,0,0,1,14.29
328,0,1,M,1,1,1,0,1,0,1,9.37
329,0,1,F,1,1,1,0,1,1,0,13.7
330,1,1,M,1,1,1,0,0,0,1,4.03
331,0,1,F,1,1,1,0,0,0,1,4.25
332,0,1,F,1,1,1,0,1,1,0,13.55
333,1,1,M,1,1,1,0,0,0,1,4.19
334,0,1,F,1,1,1,0,0,0,1,4.07
335,0,1,M,1,1,1,0,0,0,1,4.14
336,0,1,M,1,1,1,1,0,0,0,10.52
337,0,1,F,1,1,1,0,1,1,0,13.78
338,0,1,M,1,1,1,0,0,0,1,4
339,0,1,F,1,1,1,0,0,0,0,0.32
340,0,1,M,1,1,1,0,0,0,1,4.04
341,1,1,F,1,1,1,0,0,0,1,4.36
342,1,1,F,1,1,1,0,0,0,1,4.39
343,1,1,F,1,1,1,0,0,1,1,12.1
344,0,1,M,1,1,1,1,0,1,0,18.52
345,0,1,F,1,1,1,0,0,0,0,0.03
346,0,1,M,1,1,1,1,0,0,1,14.37
347,0,1,M,1,1,1,0,0,0,1,4.31
348,1,1,F,1,1,1,0,1,0,1,9.57
349,1,1,M,1,1,1,0,0,0,1,4.08
350,1,1,M,1,1,1,1,0,0,1,14.4
351,0,1,M,1,1,1,0,0,0,0,0.33
352,1,1,F,1,1,1,0,0,0,0,0.02
353,0,1,M,1,1,1,0,0,0,1,4.12
354,0,1,M,1,1,1,1,0,1,0,18.58
355,0,1,M,1,1,1,0,0,1,0,8.03
356,1,1,M,1,1,1,1,0,1,1,22.1
357,1,1,M,1,1,1,0,0,0,0,0.14
358,0,1,F,1,1,1,0,0,1,1,12.28
359,1,1,M,1,1,1,0,0,1,0,7.94
360,1,1,F,1,1,1,0,0,1,1,11.81
361,0,1,M,1,1,1,1,0,0,1,14.35
362,0,1,M,1,1,1,0,0,1,1,12.02
363,1,1,M,1,1,1,0,0,0,0,0.28
364,0,1,M,1,1,1,0,0,0,1,4.36
365,1,1,F,1,1,1,0,0,0,1,4.17
366,0,1,F,1,1,1,0,0,0,0,0.01
367,0,1,F,1,1,1,0,0,0,0,0.39
368,0,1,F,1,1,1,0,0,0,1,4.19
369,0,1,F,1,1,1,0,0,0,1,4.21
370,0,1,M,1,1,1,1,0,1,1,22.38
371,1,1,F,1,1,1,0,1,0,1,9.61
372,0,1,F,1,1,1,0,0,1,1,12.09
373,1,1,F,1,1,1,0,0,0,1,4.38
374,0,1,M,1,1,1,0,0,0,1,4.36
375,0,1,M,1,1,1,1,0,1,0,18.32
376,0,1,F,1,1,1,0,1,0,0,5.87
377,0,1,M,1,1,1,0,0,1,0,8.37
378,1,1,M,1,1,1,1,0,1,1,22.39
379,0,1,M,1,1,1,1,0,0,0,10.59
380,0,1,F,1,1,1,0,1,0,1,9.39
381,1,1,M,1,1,1,0,0,0,1,4.14
382,0,1,M,1,1,1,1,0,0,1,14.38
383,1,1,M,1,1,1,0,0,0,0,0.49
384,0,1,F,1,1,1,0,0,1,1,12.1
385,1,1,F,1,1,1,0,0,1,1,11.99
386,0,1,M,1,1,1,1,0,0,0,10.63
387,0,1,M,1,1,1,0,0,1,1,12.03
388,0,1,F,1,1,1,0,0,0,1,4.23
389,0,1,M,1,1,1,0,0,0,1,3.98
390,1,1,F,1,1,1,0,0,1,0,8.17
391,0,1,M,1,1,1,0,0,0,1,4.06
392,0,1,M,1,1,1,0,0,1,1,11.97
393,0,1,M,1,1,1,1,0,0,1,14.44
394,0,1,F,1,1,1,0,0,0,1,4.23
395,1,1,F,1,1,1,0,0,0,0,0.15
396,0,1,F,1,1,1,0,0,0,0,0.09
397,0,1,F,1,1,1,1,0,0,1,14.59
398,1,1,M,1,1,1,0,0,0,1,4.07
399,0,1,F,1,1,1,0,0,0,0,0.31
400,0,1,F,1,1,1,0,0,1,1,12.28
401,1,0,M,0,0,0,1,1,1,1,27.73
402,1,0,M,0,0,0,1,0,0,0,10.7
403,0,0,M,0,0,0,1,0,0,0,10.26
404,1,0,F,0,0,0,1,1,0,0,15.8
405,0,0,F,0,0,0,1,1,0,0,15.8
406,0,0,F,0,0,0,1,1,1,0,23.98
407,0,0,M,0,0,0,1,1,1,0,23.61
408,1,0,M,0,0,0,1,0,1,0,18.56
409,0,0,M,0,0,0,1,1,0,0,15.99
410,1,0,M,0,0,0,1,0,0,1,14.28
411,0,0,F,0,0,0,1,1,1,1,27.77
412,1,0,M,0,0,0,1,0,0,0,10.41
413,0,0,F,0,0,0,1,1,0,0,15.78
414,1,0,M,0,0,0,1,0,0,1,14.54
415,1,0,M,0,0,0,1,0,0,0,10.73
416,1,0,M,0,0,0,1,0,0,1,14.25
417,0,0,F,0,0,0,1,1,0,0,15.7
418,1,0,F,0,0,0,1,1,0,1,19.96
419,0,0,M,0,0,0,1,1,0,1,19.84
420,0,0,M,0,0,0,1,0,0,0,10.57
421,1,0,M,0,0,0,1,1,1,0,23.9
422,1,0,F,0,0,0,1,1,0,0,15.97
423,0,0,M,0,0,0,1,1,0,1,19.74
424,0,0,M,0,0,0,1,0,0,0,10.47
425,0,0,F,0,0,0,1,1,0,0,16
426,1,0,F,0,0,0,1,1,0,1,19.65
427,1,0,M,0,0,0,1,1,0,0,15.75
428,1,0,F,0,0,0,1,1,1,1,27.47
429,1,0,F,0,0,0,1,1,1,1,27.56
430,0,0,M,0,0,0,1,0,0,1,14.35
431,0,0,F,0,0,0,1,1,0,0,16.05
432,1,0,M,0,0,0,1,0,0,0,10.47
433,1,0,F,0,0,0,1,1,0,0,15.95
434,1,0,M,0,0,0,1,0,0,0,10.36
435,1,0,M,0,0,0,1,0,0,0,10.61
436,1,0,M,0,0,0,1,0,0,0,10.7
437,0,0,M,0,0,0,1,0,0,1,14.34
438,0,0,F,0,0,0,1,1,0,1,20.01
439,0,0,F,0,0,0,1,1,0,0,15.73
440,1,0,F,0,0,0,1,1,0,0,15.77
441,1,0,M,0,0,0,1,0,0,1,14.4
442,1,0,M,0,0,0,1,0,0,1,14.56
443,0,0,M,0,0,0,1,0,0,0,10.63
444,1,0,M,0,0,0,1,0,1,1,22.09
445,0,0,F,0,0,0,1,1,0,1,19.73
446,1,0,F,0,0,0,1,1,1,1,27.47
447,1,0,M,0,0,0,1,0,0,1,14.18
448,1,0,M,0,0,0,1,0,0,0,10.27
449,0,0,M,0,0,0,1,0,1,1,22.55
450,0,0,F,0,0,0,1,1,0,0,15.79
451,1,0,M,0,0,0,1,0,0,0,10.62
452,0,0,F,0,0,0,1,1,1,0,23.69
453,1,0,M,0,0,0,1,0,0,1,14.23
454,1,0,M,0,0,0,1,1,1,1,27.75
455,1,0,F,0,0,0,1,1,0,1,19.84
456,0,0,F,0,0,0,1,1,1,0,23.98
457,1,0,F,0,0,0,1,1,1,0,23.91
458,1,0,F,0,0,0,1,1,1,1,27.63
459,1,0,M,0,0,0,1,1,0,0,15.72
460,1,0,M,0,0,0,1,0,0,1,14.45
461,0,0,M,0,0,0,1,0,0,0,10.45
462,0,0,F,0,0,0,1,1,0,0,15.76
463,1,0,M,0,0,0,1,0,0,0,10.5
464,1,0,M,0,0,0,1,1,1,1,27.71
465,1,0,M,0,0,0,1,0,0,1,14.16
466,1,0,F,0,0,0,1,1,0,1,19.77
467,0,0,F,0,0,0,1,1,1,1,27.71
468,0,0,F,0,0,0,1,1,0,1,19.68
469,1,0,F,0,0,0,1,1,1,0,23.58
470,0,0,M,0,0,0,1,1,0,1,19.66
471,1,0,F,0,0,0,1,1,0,0,15.71
472,1,0,F,0,0,0,1,1,0,1,19.62
473,0,0,F,0,0,0,1,1,0,0,15.71
474,0,0,M,0,0,0,1,1,0,1,19.75
475,1,0,F,0,0,0,1,1,0,0,15.9
476,0,0,M,0,0,0,1,0,0,0,10.36
477,0,0,M,0,0,0,1,1,0,0,15.72
478,0,0,F,0,0,0,1,1,0,0,15.92
479,0,0,M,0,0,0,1,0,0,0,10.46
480,0,0,M,0,0,0,1,0,0,0,10.72
481,1,0,F,0,0,0,1,1,0,1,19.95
482,1,0,F,0,0,0,1,1,0,0,15.73
483,0,0,M,0,0,0,1,1,0,1,20.02
484,1,0,M,0,0,0,1,0,1,0,18.18
485,1,0,F,0,0,0,1,1,0,0,16.07
486,0,0,F,0,0,0,1,1,0,1,19.62
487,0,0,F,0,0,0,1,1,0,1,19.73
488,0,0,F,0,0,0,1,1,0,1,19.93
489,1,0,M,0,0,0,1,0,0,1,14.57
490,1,0,F,0,0,0,1,1,0,1,19.63
491,0,0,F,0,0,0,1,1,0,0,15.78
492,1,0,M,0,0,0,1,0,0,0,10.66
493,0,0,M,0,0,0,1,1,1,0,23.93
494,0,0,F,0,0,0,1,1,1,0,23.62
495,1,0,F,0,0,0,1,1,0,0,16.04
496,1,0,M,0,0,0,1,1,0,1,19.95
497,0,0,F,0,0,0,1,1,0,1,19.72
498,1,0,F,0,0,0,1,1,0,1,19.58
499,0,0,M,0,0,0,1,0,0,0,10.4
500,1,0,F,0,0,0,1,1,0,1,19.59
501,1,0,F,0,0,0,1,1,1,0,23.65
502,0,0,M,0,0,0,1,1,0,1,19.93
503,1,0,F,0,0,0,1,1,0,0,15.81
504,0,0,M,0,0,0,1,1,1,0,23.67
505,1,0,F,0,0,0,1,1,0,0,15.66
506,0,0,M,0,0,0,1,0,0,1,14.43
507,0,0,F,0,0,0,1,1,0,1,19.91
508,0,0,F,0,0,0,1,1,1,1,27.46
509,0,0,F,0,0,0,1,1,0,0,15.75
510,0,0,F,0,0,0,1,1,0,0,15.72
511,0,0,M,0,0,0,1,0,0,1,14.24
512,0,0,M,0,0,0,1,0,0,1,14.62
513,0,0,M,0,0,0,1,0,0,0,10.59
514,1,0,M,0,0,0,1,0,0,0,10.68
515,1,0,M,0,0,0,1,0,0,0,10.33
516,0,0,F,0,0,0,1,1,1,0,23.69
517,0,0,M,0,0,0,1,0,0,1,14.63
518,0,0,F,0,0,0,1,1,0,1,20.05
519,1,0,M,0,0,0,1,1,0,0,15.9
520,1,0,F,0,0,0,1,1,1,1,27.58
521,1,0,M,0,0,0,1,0,0,0,10.72
522,1,0,M,0,0,0,1,1,0,0,15.66
523,0,0,F,0,0,0,1,1,0,1,19.57
524,0,0,F,0,0,0,1,1,0,0,15.66
525,1,0,F,0,0,0,1,1,1,0,23.65
526,0,0,F,0,0,0,1,1,0,1,19.77
527,0,0,M,0,0,0,1,0,0,0,10.39
528,1,0,M,0,0,0,1,0,0,1,14.41
529,0,0,M,0,0,0,1,1,0,1,19.85
530,1,0,M,0,0,0,1,0,0,1,14.56
531,0,0,M,0,0,0,1,0,0,1,14.42
532,0,0,M,0,0,0,1,0,0,1,14.3
533,0,0,F,0,0,0,1,1,1,0,23.6
534,1,0,F,0,0,0,1,1,1,1,27.81
535,0,0,M,0,0,0,1,0,0,0,10.57
536,0,0,F,0,0,0,1,1,0,0,15.66
537,1,0,F,0,0,0,1,1,0,1,19.67
538,0,0,F,0,0,0,1,1,0,0,15.85
539,1,0,F,0,0,0,1,1,1,0,23.57
540,0,0,F,0,0,0,1,1,0,0,15.9
541,0,0,F,0,0,0,1,1,1,1,27.74
542,1,0,M,0,0,0,1,0,0,0,10.32
543,0,0,M,0,0,0,1,0,0,1,14.26
544,0,0,M,0,0,0,1,0,0,0,10.5
545,1,0,M,0,0,0,1,0,0,0,10.28
546,0,0,M,0,0,0,1,0,0,0,10.38
547,1,0,M,0,0,0,1,0,0,1,14.17
548,1,0,M,0,0,0,1,1,1,1,27.48
549,0,0,F,0,0,0,1,1,1,0,23.77
550,1,0,F,0,0,0,1,1,0,1,19.97
551,0,0,M,0,0,0,1,1,0,0,15.81
552,0,0,F,0,0,0,1,1,1,1,27.77
553,0,0,M,0,0,0,1,0,0,0,10.31
554,1,0,M,0,0,0,1,0,0,1,14.31
555,0,0,M,0,0,0,1,0,0,1,14.43
556,1,0,M,0,0,0,1,0,1,1,22.26
557,0,0,F,0,0,0,1,1,0,0,16.05
558,0,0,M,0,0,0,1,0,0,1,14.45
559,0,0,M,0,0,0,1,1,0,0,16.15
560,1,0,M,0,0,0,1,1,1,0,24.04
561,0,0,F,0,0,0,1,1,0,0,16.04
562,0,0,F,0,0,0,1,1,0,1,19.95
563,0,0,F,0,0,0,1,1,0,0,15.75
564,0,0,M,0,0,0,1,1,1,1,27.62
565,1,0,M,0,0,0,1,0,0,1,14.44
566,0,0,M,0,0,0,1,1,0,0,15.94
567,1,0,M,0,0,0,1,0,0,0,10.4
568,0,0,F,0,0,0,1,1,0,0,15.99
569,1,0,F,0,0,0,1,1,1,0,23.57
570,1,0,F,0,0,0,1,1,1,0,23.84
571,0,0,M,0,0,0,1,0,0,1,14.17
572,1,0,F,0,0,0,1,1,1,0,23.82
573,1,0,M,0,0,0,1,1,1,1,27.94
574,1,0,M,0,0,0,1,0,0,0,10.44
575,0,0,M,0,0,0,1,0,0,0,10.33
576,0,0,M,0,0,0,1,0,0,0,10.44
577,1,0,F,0,0,0,1,1,0,0,15.86
578,0,0,M,0,0,0,1,1,0,0,16.09
579,0,0,M,0,0,0,1,0,0,1,14.23
580,0,0,F,0,0,0,1,1,0,1,19.99
581,0,0,M,0,0,0,1,0,0,1,14.47
582,0,0,F,0,0,0,1,1,0,0,15.91
583,1,0,M,0,0,0,1,1,0,0,15.96
584,0,0,M,0,0,0,1,0,1,1,22.05
585,1,0,M,0,0,0,1,0,0,0,10.73
586,0,0,M,0,0,0,1,1,0,1,19.88
587,0,0,F,0,0,0,1,1,1,1,27.52
588,0,0,F,0,0,0,1,1,0,0,15.87
589,0,0,M,0,0,0,1,0,0,1,14.58
590,0,0,F,0,0,0,1,1,0,1,19.81
591,1,0,M,0,0,0,1,0,0,0,10.52
592,0,0,M,0,0,0,1,0,0,0,10.43
593,0,0,M,0,0,0,1,0,0,0,10.42
594,1,0,M,0,0,0,1,0,0,0,10.51
595,0,0,M,0,0,0,1,1,1,1,27.88
596,1,0,M,0,0,0,1,0,0,1,14.43
597,0,0,F,0,0,0,1,1,1,0,23.65
598,1,0,F,0,0,0,1,1,1,0,23.99
599,1,0,F,0,0,0,1,1,0,1,20.03
600,1,0,M,0,0,0,1,0,0,0,10.41
601,0,0,F,0,0,0,1,1,0,1,19.55
602,0,0,M,0,0,0,1,0,0,0,10.57
603,0,0,F,0,0,0,1,1,0,0,16.07
604,0,0,F,0,0,0,1,1,0,0,15.69
605,0,0,F,0,0,0,1,1,0,0,15.82
606,1,0,F,0,0,0,1,1,0,1,19.98
607,0,0,F,0,0,0,1,1,0,0,16.04
608,0,0,F,0,0,0,1,1,0,0,15.78
609,0,0,M,0,0,0,1,0,0,1,14.33
610,0,0,M,0,0,0,1,0,0,1,14.41
611,0,0,F,0,0,0,1,1,1,1,27.69
612,1,0,F,0,0,0,1,1,0,0,15.95
613,1,0,F,0,0,0,1,1,0,0,16.13
614,0,0,F,0,0,0,1,1,0,0,15.97
615,0,0,F,0,0,0,1,1,0,0,15.73
616,1,0,M,0,0,0,1,1,0,0,16.13
617,1,0,F,0,0,0,1,1,0,1,19.64
618,0,0,F,0,0,0,1,1,0,0,15.91
619,1,0,F,0,0,0,1,1,0,1,19.65
620,1,0,M,0,0,0,1,0,0,1,14.17
621,1,0,F,0,0,0,1,1,1,1,27.79
622,1,0,M,0,0,0,1,0,0,0,10.73
623,1,0,M,0,0,0,1,1,0,1,19.64
624,1,0,M,0,0,0,1,0,0,1,14.56
625,1,0,F,0,0,0,1,1,1,0,23.96
626,1,0,M,0,0,0,1,0,0,0,10.7
627,0,0,F,0,0,0,1,1,0,1,19.87
628,1,0,M,0,0,0,1,0,1,0,18.19
629,1,0,F,0,0,0,1,1,0,1,19.98
630,0,0,F,0,0,0,1,1,1,0,23.6
631,0,0,M,0,0,0,1,1,0,0,15.79
632,1,0,M,0,0,0,1,0,0,1,14.26
633,1,0,M,0,0,0,1,0,0,1,14.48
634,1,0,F,0,0,0,1,1,0,1,19.74
635,0,0,M,0,0,0,1,0,0,1,14.36
636,0,0,F,0,0,0,1,1,0,0,15.91
637,1,0,F,0,0,0,1,1,0,0,15.68
638,0,0,M,0,0,0,1,1,1,0,24.05
639,1,0,M,0,0,0,1,1,1,0,23.96
640,1,0,F,0,0,0,1,1,1,0,23.96
641,1,0,M,0,0,0,1,1,0,0,15.99
642,0,0,M,0,0,0,1,0,0,1,14.26
643,1,0,F,0,0,0,1,1,1,0,24.02
644,0,0,M,0,0,0,1,1,0,1,19.74
645,0,0,M,0,0,0,1,0,0,0,10.45
646,1,0,M,0,0,0,1,0,0,1,14.57
647,0,0,M,0,0,0,1,0,0,0,10.63
648,0,0,F,0,0,0,1,1,1,0,23.63
649,1,0,M,0,0,0,1,0,0,1,14.22
650,1,0,M,0,0,0,1,0,0,1,14.24
651,0,0,M,0,0,0,1,0,0,0,10.7
652,1,0,F,0,0,0,1,1,0,0,16.06
653,1,0,M,0,0,0,1,0,0,0,10.49
654,1,0,M,0,0,0,1,0,0,1,14.37
655,0,0,F,0,0,0,1,1,0,0,16.03
656,1,0,M,0,0,0,1,1,0,1,19.93
657,1,0,M,0,0,0,1,1,0,0,15.71
658,0,0,F,0,0,0,1,1,0,1,19.66
659,0,0,M,0,0,0,1,1,0,0,16.09
660,0,0,F,0,0,0,1,1,1,0,23.63
661,1,0,F,0,0,0,1,1,0,1,19.79
662,0,0,M,0,0,0,1,0,1,1,22.51
663,1,0,M,0,0,0,1,1,1,1,27.58
664,1,0,F,0,0,0,1,1,0,1,19.56
665,1,0,F,0,0,0,1,1,1,0,24.02
666,1,0,F,0,0,0,1,1,1,0,23.95
667,1,0,M,0,0,0,1,0,0,0,10.27
668,1,0,M,0,0,0,1,0,0,1,14.49
669,1,0,F,0,0,0,1,1,0,1,19.59
670,0,0,M,0,0,0,1,0,0,0,10.29
671,1,0,F,0,0,0,1,1,0,1,19.68
672,1,0,F,0,0,0,1,1,0,1,19.68
673,1,0,F,0,0,0,1,1,0,0,16.1
674,1,0,M,0,0,0,1,0,0,1,14.46
675,1,0,F,0,0,0,1,1,0,0,16.02
676,0,0,F,0,0,0,1,1,0,1,19.82
677,0,0,F,0,0,0,1,1,0,1,19.61
678,1,0,M,0,0,0,1,0,0,0,10.29
679,1,0,F,0,0,0,1,1,0,0,15.81
680,1,0,M,0,0,0,1,1,0,0,15.85
681,0,0,M,0,0,0,1,1,1,0,23.89
682,0,0,M,0,0,0,1,1,0,0,16.15
683,1,0,F,0,0,0,1,1,0,1,19.68
684,1,0,F,0,0,0,1,1,0,1,19.82
685,1,0,F,0,0,0,1,1,0,0,15.65
686,0,0,M,0,0,0,1,0,0,1,14.48
687,1,0,F,0,0,0,1,1,0,1,19.79
688,0,0,F,0,0,0,1,1,1,0,23.94
689,0,0,F,0,0,0,1,1,1,1,27.59
690,1,0,M,0,0,0,1,1,0,1,20.04
691,1,0,F,0,0,0,1,1,0,1,19.68
692,0,0,F,0,0,0,1,1,1,1,27.87
693,1,0,M,0,0,0,1,0,0,1,14.49
694,1,0,M,0,0,0,1,0,0,1,14.21
695,1,0,M,0,0,0,1,0,1,0,18.46
696,0,0,M,0,0,0,1,1,0,0,15.65
697,1,0,F,0,0,0,1,1,0,1,19.77
698,1,0,M,0,0,0,1,1,0,0,15.65
699,1,0,F,0,0,0,1,1,0,0,15.9
700,1,0,M,0,0,0,1,0,0,0,10.71
701,1,0,F,0,0,0,1,1,0,1,20.04
702,0,0,M,0,0,0,1,0,1,1,22.34
703,1,0,M,0,0,0,1,0,0,0,10.73
704,1,0,M,0,0,0,1,0,0,1,14.4
705,1,0,M,0,0,0,1,0,0,1,14.44
706,1,0,M,0,0,0,1,0,0,0,10.69
707,0,0,M,0,0,0,1,0,1,1,22.24
708,1,0,M,0,0,0,1,0,0,1,14.35
709,0,0,F,0,0,0,1,1,0,0,15.66
710,1,0,F,0,0,0,1,1,0,0,15.73
711,0,0,F,0,0,0,1,1,1,0,23.7
712,0,0,F,0,0,0,1,1,0,0,15.66
713,0,0,F,0,0,0,1,1,0,1,19.94
714,1,0,F,0,0,0,1,1,0,0,15.66
715,1,0,F,0,0,0,1,1,0,0,16.11
716,0,0,M,0,0,0,1,0,0,1,14.61
717,0,0,F,0,0,0,1,1,0,0,15.65
718,0,0,M,0,0,0,1,1,1,0,23.56
719,1,0,M,0,0,0,1,1,0,0,15.73
720,1,0,M,0,0,0,1,0,0,1,14.41
721,1,0,M,0,0,0,1,0,0,1,14.28
722,1,0,F,0,0,0,1,1,1,0,23.99
723,1,0,F,0,0,0,1,1,0,0,16.05
724,0,0,M,0,0,0,1,0,0,1,14.16
725,0,0,M,0,0,0,1,0,0,0,10.48
726,0,0,F,0,0,0,1,1,1,1,27.54
727,1,0,M,0,0,0,1,1,1,0,24.03
728,1,0,F,0,0,0,1,1,0,0,15.84
729,1,0,M,0,0,0,1,0,0,1,14.47
730,1,0,M,0,0,0,1,0,0,0,10.45
731,0,0,M,0,0,0,1,0,0,0,10.37
732,1,0,F,0,0,0,1,1,0,1,19.66
733,1,0,F,0,0,0,1,1,0,1,19.7
734,1,0,M,0,0,0,1,0,0,0,10.5
735,1,0,M,0,0,0,1,0,0,1,14.64
736,0,0,F,0,0,0,1,1,1,1,27.92
737,0,0,F,0,0,0,1,1,0,0,15.96
738,0,0,F,0,0,0,1,1,0,1,19.72
739,1,0,M,0,0,0,1,0,0,1,14.43
740,0,0,M,0,0,0,1,0,0,0,10.61
741,0,0,M,0,0,0,1,0,0,1,14.56
742,1,0,F,0,0,0,1,1,0,0,16.12
743,0,0,F,0,0,0,1,1,0,0,15.69
744,1,0,M,0,0,0,1,0,0,1,14.39
745,1,0,M,0,0,0,1,0,1,1,22.33
746,1,0,F,0,0,0,1,1,0,1,20.03
747,0,0,M,0,0,0,1,0,0,0,10.44
748,1,0,M,0,0,0,1,0,0,1,14.33
749,1,0,F,0,0,0,1,1,1,1,27.51
750,0,0,F,0,0,0,1,1,0,0,16.06
751,0,0,M,0,0,0,1,0,0,0,10.28
752,1,0,F,0,0,0,1,1,0,1,19.74
753,1,0,F,0,0,0,1,1,0,0,15.75
754,1,0,M,0,0,0,1,0,0,1,14.22
755,0,0,F,0,0,0,1,1,0,1,20.03
756,1,0,M,0,0,0,1,0,0,1,14.32
757,1,0,F,0,0,0,1,1,0,1,19.82
758,0,0,M,0,0,0,1,0,0,1,14.58
759,1,0,M,0,0,0,1,0,0,1,14.57
760,1,0,M,0,0,0,1,0,0,0,10.38
761,1,0,F,0,0,0,1,1,0,1,20.04
762,1,0,M,0,0,0,1,0,0,1,14.63
763,1,0,F,0,0,0,1,1,0,1,19.64
764,1,0,F,0,0,0,1,1,1,0,23.72
765,1,0,M,0,0,0,1,1,1,1,27.57
766,1,0,F,0,0,0,1,1,0,1,19.93
767,0,0,F,0,0,0,1,1,0,0,15.94
768,0,0,F,0,0,0,1,1,0,0,15.88
769,0,0,M,0,0,0,1,1,0,0,15.66
770,0,0,F,0,0,0,1,1,1,1,27.5
771,1,0,F,0,0,0,1,1,1,0,23.9
772,1,0,M,0,0,0,1,0,0,0,10.43
773,0,0,F,0,0,0,1,1,0,0,15.78
774,1,0,F,0,0,0,1,1,0,0,15.93
775,0,0,F,0,0,0,1,1,0,0,15.75
776,1,0,M,0,0,0,1,0,0,0,10.5
777,1,0,M,0,0,0,1,0,0,0,10.35
778,0,0,M,0,0,0,1,0,0,0,10.52
779,0,0,F,0,0,0,1,1,0,0,15.95
780,0,0,F,0,0,0,1,1,0,1,19.75
781,0,0,M,0,0,0,1,1,0,0,15.89
782,0,0,M,0,0,0,1,0,0,1,14.25
783,0,0,M,0,0,0,1,1,0,0,15.67
784,1,0,M,0,0,0,1,0,0,0,10.48
785,0,0,M,0,0,0,1,0,0,0,10.38
786,0,0,F,0,0,0,1,1,0,1,19.67
787,0,0,M,0,0,0,1,0,0,0,10.31
788,1,0,M,0,0,0,1,0,0,0,10.47
789,0,0,M,0,0,0,1,0,0,0,10.69
790,1,0,M,0,0,0,1,0,0,0,10.61
791,1,0,M,0,0,0,1,0,1,1,22.23
792,1,0,F,0,0,0,1,1,0,0,15.74
793,1,0,M,0,0,0,1,0,0,0,10.68
794,0,0,M,0,0,0,1,0,0,1,14.28
795,0,0,M,0,0,0,1,1,0,1,19.71
796,1,0,M,0,0,0,1,0,0,0,10.72
797,1,0,F,0,0,0,1,1,0,0,15.96
798,0,0,F,0,0,0,1,1,0,1,19.63
799,1,0,F,0,0,0,1,1,0,1,19.94
800,0,0,M,0,0,0,1,0,1,1,22.5
801,0,0,F,0,0,0,1,1,0,0,16.09
802,0,0,F,0,0,0,1,1,0,1,19.97
803,0,0,F,0,0,0,1,1,1,1,27.55
804,1,0,F,0,0,0,1,1,0,1,19.85
805,0,0,M,0,0,0,1,0,0,1,14.41
806,1,0,M,0,0,0,1,1,0,0,15.99
807,1,0,M,0,0,0,1,0,0,1,14.24
808,0,0,M,0,0,0,1,0,1,1,22.23
809,0,0,F,0,0,0,1,1,0,0,16.07
810,1,0,F,0,0,0,1,1,1,0,23.8
811,0,0,F,0,0,0,1,1,0,0,15.96
812,0,0,F,0,0,0,1,1,1,0,23.8
813,1,0,F,0,0,0,1,1,0,0,15.91
814,1,0,M,0,0,0,1,0,0,1,14.16
815,0,0,F,0,0,0,1,1,0,0,15.75
816,0,0,M,0,0,0,1,0,0,1,14.45
817,1,0,F,0,0,0,1,1,0,0,15.88
818,0,0,F,0,0,0,1,1,1,0,23.74
819,0,0,F,0,0,0,1,1,1,1,27.52
820,1,0,F,0,0,0,1,1,0,0,16.01
821,1,0,M,0,0,0,1,1,0,0,16.08
822,0,0,M,0,0,0,1,0,0,1,14.49
823,1,0,F,0,0,0,1,1,0,1,19.68
824,0,0,F,0,0,0,1,1,0,1,19.71
825,1,0,M,0,0,0,1,1,1,0,23.87
826,1,0,F,0,0,0,1,1,0,1,19.9
827,1,0,F,0,0,0,1,1,0,0,15.7
828,1,0,F,0,0,0,1,1,1,1,27.62
829,0,0,M,0,0,0,1,1,1,0,24.03
830,1,0,M,0,0,0,1,0,0,0,10.49
831,0,0,M,0,0,0,1,0,0,1,14.54
832,0,0,F,0,0,0,1,1,0,0,15.88
833,1,0,M,0,0,0,1,0,0,1,14.32
834,0,0,M,0,0,0,1,0,0,1,14.54
835,0,0,M,0,0,0,1,1,1,0,23.77
836,1,0,M,0,0,0,1,0,0,1,14.35
837,0,0,F,0,0,0,1,1,0,0,15.94
838,0,0,F,0,0,0,1,1,0,0,15.92
839,1,0,F,0,0,0,1,1,1,1,27.58
840,1,0,F,0,0,0,1,1,0,0,15.97
841,1,0,F,0,0,0,1,1,1,1,27.77
842,1,0,M,0,0,0,1,1,0,1,19.8
843,0,0,F,0,0,0,1,1,0,1,19.8
844,1,0,M,0,0,0,1,0,0,1,14.32
845,1,0,F,0,0,0,1,1,0,0,15.91
846,1,0,M,0,0,0,1,0,0,1,14.22
847,0,0,M,0,0,0,1,0,0,0,10.57
848,0,0,M,0,0,0,1,0,0,0,10.62
849,1,0,F,0,0,0,1,1,0,0,16.06
850,0,0,F,0,0,0,1,1,0,0,16.12
851,0,0,F,0,0,0,1,1,0,1,19.63
852,0,0,F,0,0,0,1,1,0,1,19.58
853,1,0,F,0,0,0,1,1,0,0,15.93
854,0,0,M,0,0,0,1,1,0,1,19.83
855,0,0,F,0,0,0,1,1,0,0,16.13
856,1,0,F,0,0,0,1,1,0,1,19.72
857,1,0,F,0,0,0,1,1,1,1,27.49
858,0,0,M,0,0,0,1,0,0,1,14.41
859,0,0,M,0,0,0,1,1,0,0,16
860,1,0,M,0,0,0,1,0,1,0,18.42
861,1,0,F,0,0,0,1,1,0,1,19.86
862,1,0,M,0,0,0,1,1,1,1,27.55
863,0,0,F,0,0,0,1,1,0,1,19.64
864,0,0,M,0,0,0,1,1,1,1,27.76
865,1,0,M,0,0,0,1,1,0,1,19.98
866,0,0,M,0,0,0,1,1,1,1,27.82
867,0,0,M,0,0,0,1,0,0,1,14.55
868,0,0,M,0,0,0,1,0,0,0,10.43
869,1,0,M,0,0,0,1,0,0,0,10.48
870,0,0,F,0,0,0,1,1,0,0,15.98
871,0,0,F,0,0,0,1,1,0,0,16.13
872,0,0,M,0,0,0,1,0,0,1,14.5
873,1,0,F,0,0,0,1,1,0,1,19.98
874,1,0,F,0,0,0,1,1,0,0,16.08
875,1,0,F,0,0,0,1,1,0,0,15.66
876,1,0,M,0,0,0,1,0,0,0,10.61
877,1,0,M,0,0,0,1,0,0,1,14.41
878,1,0,F,0,0,0,1,1,1,0,23.65
879,1,0,M,0,0,0,1,1,1,1,27.92
880,0,0,F,0,0,0,1,1,1,0,23.71
881,1,0,M,0,0,0,1,0,0,1,14.43
882,0,0,F,0,0,0,1,1,0,0,15.9
883,0,0,F,0,0,0,1,1,1,0,23.97
884,0,0,F,0,0,0,1,1,0,0,15.66
885,0,0,M,0,0,0,1,0,0,0,10.33
886,0,0,F,0,0,0,1,1,0,1,19.6
887,1,0,M,0,0,0,1,0,0,0,10.72
888,0,0,M,0,0,0,1,0,0,1,14.63
889,1,0,M,0,0,0,1,0,0,1,14.63
890,1,0,M,0,0,0,1,1,0,0,16.01
891,0,0,M,0,0,0,1,0,0,1,14.45
892,0,0,M,0,0,0,1,0,0,0,10.43
893,0,0,F,0,0,0,1,1,0,0,15.95
894,1,0,M,0,0,0,1,0,0,1,14.2
895,1,0,F,0,0,0,1,1,0,1,19.88
896,1,0,M,0,0,0,1,1,0,0,15.76
897,1,0,F,0,0,0,1,1,0,1,19.9
898,1,0,F,0,0,0,1,1,0,0,15.7
899,1,0,M,0,0,0,1,1,0,1,19.66
900,1,0,M,0,0,0,1,0,0,0,10.38
901,1,0,F,1,0,1,1,0,0,1,14.46
902,0,0,M,1,0,1,1,0,1,0,18.18
903,1,0,F,1,0,1,1,1,1,0,23.55
904,0,0,F,1,0,1,1,0,1,1,22.25
905,0,0,F,1,0,1,1,0,0,0,10.35
906,1,0,M,1,0,1,1,0,0,1,14.65
907,1,0,M,1,0,1,1,0,0,0,10.27
908,0,0,F,1,0,1,1,0,0,1,14.57
909,0,0,F,1,0,1,1,0,0,0,10.33
910,1,0,M,1,0,1,1,0,1,0,18.26
911,0,0,F,1,0,1,1,0,0,0,10.28
912,1,0,M,1,0,1,1,0,1,0,18.52
913,0,0,M,1,0,1,1,0,1,1,22.21
914,0,0,F,1,0,1,1,0,0,1,14.23
915,1,0,F,1,0,1,1,0,0,0,10.69
916,0,0,M,1,0,1,1,0,0,0,10.73
917,1,0,M,1,0,1,1,0,0,0,10.26
918,0,0,F,1,0,1,1,0,0,0,10.51
919,0,0,M,1,0,1,1,0,0,1,14.45
920,1,0,M,1,0,1,1,0,1,1,22.42
921,1,0,F,1,0,1,1,0,0,1,14.18
922,0,0,M,1,0,1,1,0,1,0,18.22
923,0,0,F,1,0,1,1,0,0,1,14.39
924,0,0,F,1,0,1,1,1,1,0,23.73
925,1,0,F,1,0,1,1,0,0,0,10.67
926,1,0,M,1,0,1,1,0,0,0,10.3
927,0,0,F,1,0,1,1,0,0,1,14.19
928,1,0,F,1,0,1,1,0,1,1,22.17
929,1,0,M,1,0,1,1,0,0,1,14.47
930,1,0,M,1,0,1,1,0,1,1,22.36
931,0,0,M,1,0,1,1,0,1,1,22.15
932,1,0,M,1,0,1,1,0,0,0,10.43
933,0,0,F,1,0,1,1,0,1,1,22.38
934,0,0,M,1,0,1,1,0,0,0,10.38
935,0,0,M,1,0,1,1,1,1,1,27.74
936,1,0,F,1,0,1,1,1,1,0,23.97
937,1,0,M,1,0,1,1,0,0,1,14.34
938,0,0,M,1,0,1,1,0,0,0,10.61
939,0,0,M,1,0,1,1,0,0,0,10.57
940,0,0,M,1,0,1,1,0,0,0,10.44
941,1,0,F,1,0,1,1,0,0,1,14.52
942,1,0,M,1,0,1,1,0,0,0,10.34
943,1,0,F,1,0,1,1,0,0,0,10.57
944,1,0,F,1,0,1,1,0,0,1,14.35
945,0,0,M,1,0,1,1,0,0,0,10.26
946,1,0,M,1,0,1,1,0,0,0,10.66
947,1,0,F,1,0,1,1,0,0,0,10.61
948,0,0,M,1,0,1,1,0,0,0,10.46
949,1,0,M,1,0,1,1,0,0,0,10.68
950,1,0,M,1,0,1,1,0,0,1,14.54
951,1,0,F,1,0,1,1,0,1,0,18.17
952,0,0,M,1,0,1,1,0,0,0,10.48
953,0,0,F,1,0,1,1,0,1,0,18.43
954,0,0,F,1,0,1,1,1,1,1,27.77
955,1,0,F,1,0,1,1,0,1,0,18.45
956,1,0,F,1,0,1,1,0,1,0,18.62
957,1,0,M,1,0,1,1,0,1,1,22.17
958,0,0,F,1,0,1,1,0,0,0,10.4
959,0,0,F,1,0,1,1,0,0,1,14.36
960,0,0,M,1,0,1,1,0,1,1,22.19
961,0,0,F,1,0,1,1,0,1,1,22.06
962,1,0,M,1,0,1,1,0,0,1,14.21
963,0,0,M,1,0,1,1,0,0,1,14.54
964,1,0,F,1,0,1,1,0,1,0,18.35
965,1,0,M,1,0,1,1,1,1,0,23.56
966,0,0,M,1,0,1,1,0,1,1,22.3
967,1,0,F,1,0,1,1,0,1,0,18.47
968,0,0,M,1,0,1,1,0,0,0,10.28
969,0,0,F,1,0,1,1,0,1,0,18.2
970,0,0,M,1,0,1,1,0,0,1,14.31
971,0,0,F,1,0,1,1,0,0,1,14.43
972,1,0,F,1,0,1,1,0,1,1,22.52
973,1,0,F,1,0,1,1,0,0,0,10.68
974,0,0,F,1,0,1,1,0,0,1,14.34
975,0,0,M,1,0,1,1,0,1,1,22.17
976,0,0,F,1,0,1,1,0,0,1,14.52
977,0,0,F,1,0,1,1,0,0,1,14.32
978,0,0,F,1,0,1,1,0,1,1,22.24
979,0,0,F,1,0,1,1,0,0,0,10.6
980,0,0,M,1,0,1,1,0,0,1,14.6
981,0,0,F,1,0,1,1,0,0,0,10.33
982,0,0,M,1,0,1,1,0,1,0,18.25
983,0,0,M,1,0,1,1,0,0,0,10.48
984,1,0,M,1,0,1,1,0,0,1,14.39
985,1,0,M,1,0,1,1,0,0,1,14.24
986,0,0,F,1,0,1,1,0,0,0,10.31
987,0,0,F,1,0,1,1,0,0,1,14.22
988,1,0,M,1,0,1,1,0,0,0,10.41
989,1,0,F,1,0,1,1,0,1,1,22.37
990,0,0,F,1,0,1,1,0,0,0,10.71
991,1,0,F,1,0,1,1,0,0,0,10.32
992,0,0,F,1,0,1,1,0,1,1,22.06
993,1,0,M,1,0,1,1,0,0,0,10.47
994,1,0,F,1,0,1,1,0,1,0,18.51
995,1,0,F,1,0,1,1,1,1,0,23.94
996,0,0,M,1,0,1,1,0,0,0,10.66
997,1,0,F,1,0,1,1,0,0,1,14.4
998,0,0,F,1,0,1,1,0,0,1,14.65
999,1,0,F,1,0,1,1,0,0,1,14.49
1000,0,0,M,1,0,1,1,0,1,1,22.44
1001,0,0,F,1,0,1,1,0,1,0,18.53
1002,0,0,F,1,0,1,1,1,1,0,23.63
1003,0,0,F,1,0,1,1,0,0,0,10.46
1004,1,0,F,1,0,1,1,0,0,0,10.46
1005,0,0,M,1,0,1,1,0,0,0,10.7
1006,0,0,F,1,0,1,1,1,1,0,23.8
1007,0,0,F,1,0,1,1,0,0,1,14.55
1008,1,0,M,1,0,1,1,0,0,0,10.42
1009,0,0,M,1,0,1,1,0,0,1,14.41
1010,1,0,M,1,0,1,1,0,0,1,14.39
1011,1,0,F,1,0,1,1,0,1,1,22.43
1012,0,0,M,1,0,1,1,0,1,0,18.54
1013,0,0,F,1,0,1,1,0,0,0,10.57
1014,0,0,M,1,0,1,1,0,0,1,14.33
1015,0,0,M,1,0,1,1,0,0,0,10.33
1016,1,0,F,1,0,1,1,0,1,0,18.21
1017,0,0,F,1,0,1,1,0,0,0,10.62
1018,1,0,F,1,0,1,1,1,1,0,23.56
1019,0,0,M,1,0,1,1,0,0,1,14.39
1020,0,0,M,1,0,1,1,0,0,1,14.63
1021,0,0,F,1,0,1,1,0,1,1,22.08
1022,0,0,M,1,0,1,1,0,1,0,18.24
1023,1,0,F,1,0,1,1,0,0,1,14.32
1024,0,0,M,1,0,1,1,0,0,0,10.5
1025,1,0,M,1,0,1,1,0,0,1,14.25
1026,0,0,F,1,0,1,1,0,0,0,10.63
1027,0,0,M,1,0,1,1,0,0,1,14.39
1028,1,0,M,1,0,1,1,0,0,1,14.21
1029,0,0,F,1,0,1,1,0,1,1,22.5
1030,0,0,F,1,0,1,1,0,0,1,14.6
1031,1,0,M,1,0,1,1,0,0,1,14.57
1032,1,0,F,1,0,1,1,0,1,0,18.61
1033,0,0,M,1,0,1,1,0,0,1,14.24
1034,1,0,F,1,0,1,1,1,1,0,23.72
1035,0,0,M,1,0,1,1,0,1,0,18.33
1036,1,0,F,1,0,1,1,0,0,0,10.38
1037,0,0,M,1,0,1,1,0,0,1,14.33
1038,1,0,M,1,0,1,1,0,0,0,10.54
1039,1,0,F,1,0,1,1,0,0,0,10.69
1040,1,0,F,1,0,1,1,0,0,1,14.49
1041,0,0,F,1,0,1,1,1,1,0,23.56
1042,1,0,F,1,0,1,1,1,1,1,27.59
1043,0,0,M,1,0,1,1,0,0,0,10.41
1044,1,0,M,1,0,1,1,0,0,1,14.45
1045,1,0,M,1,0,1,1,0,1,1,22.36
1046,0,0,M,1,0,1,1,0,1,0,18.47
1047,0,0,M,1,0,1,1,0,0,1,14.31
1048,1,0,M,1,0,1,1,0,0,1,14.34
1049,0,0,F,1,0,1,1,0,0,0,10.35
1050,1,0,M,1,0,1,1,0,0,0,10.58
1051,0,0,F,1,0,1,1,0,1,1,22.51
1052,0,0,M,1,0,1,1,0,0,1,14.4
1053,1,0,F,1,0,1,1,0,1,0,18.3
1054,1,0,M,1,0,1,1,0,1,0,18.57
1055,0,0,M,1,0,1,1,0,0,1,14.61
1056,1,0,M,1,0,1,1,0,0,1,14.44
1057,0,0,M,1,0,1,1,0,1,1,22.33
1058,1,0,M,1,0,1,1,0,1,1,22.13
1059,0,0,M,1,0,1,1,0,0,0,10.63
1060,1,0,M,1,0,1,1,0,0,1,14.54
1061,0,0,F,1,0,1,1,1,1,0,23.72
1062,0,0,F,1,0,1,1,0,0,1,14.41
1063,1,0,M,1,0,1,1,0,0,1,14.2
1064,1,0,M,1,0,1,1,0,1,0,18.59
1065,0,0,M,1,0,1,1,0,0,1,14.16
1066,0,0,M,1,0,1,1,0,0,1,14.49
1067,0,0,M,1,0,1,1,0,1,1,22.43
1068,1,0,F,1,0,1,1,0,1,0,18.15
1069,0,0,M,1,0,1,1,0,1,0,18.33
1070,0,0,M,1,0,1,1,0,0,1,14.25
1071,0,0,M,1,0,1,1,0,0,0,10.6
1072,1,0,F,1,0,1,1,0,0,1,14.56
1073,0,0,F,1,0,1,1,1,1,1,27.62
1074,0,0,F,1,0,1,1,0,0,1,14.65
1075,1,0,F,1,0,1,1,0,1,0,18.26
1076,0,0,M,1,0,1,1,1,1,1,27.84
1077,1,0,F,1,0,1,1,0,0,0,10.39
1078,1,0,F,1,0,1,1,0,0,0,10.48
1079,1,0,F,1,0,1,1,0,0,1,14.24
1080,1,0,M,1,0,1,1,0,1,0,18.5
1081,0,0,F,1,0,1,1,1,1,1,27.82
1082,0,0,M,1,0,1,1,1,1,0,23.79
1083,1,0,F,1,0,1,1,0,1,1,22.19
1084,1,0,M,1,0,1,1,0,0,0,10.26
1085,1,0,M,1,0,1,1,0,0,1,14.6
1086,0,0,F,1,0,1,1,0,0,0,10.64
1087,1,0,M,1,0,1,1,0,1,0,18.37
1088,1,0,M,1,0,1,1,0,0,1,14.42
1089,1,0,F,1,0,1,1,0,0,1,14.26
1090,1,0,F,1,0,1,1,0,0,0,10.65
1091,1,0,M,1,0,1,1,0,0,1,14.18
1092,1,0,M,1,0,1,1,0,1,0,18.63
1093,1,0,F,1,0,1,1,0,0,0,10.59
1094,1,0,M,1,0,1,1,0,0,0,10.49
1095,1,0,M,1,0,1,1,0,0,0,10.4
1096,1,0,M,1,0,1,1,0,1,1,22.08
1097,1,0,F,1,0,1,1,0,1,0,18.57
1098,1,0,F,1,0,1,1,0,1,0,18.53
1099,0,0,F,1,0,1,1,1,1,0,23.83
1100,0,0,M,1,0,1,1,0,0,0,10.51
1101,1,0,M,1,0,1,1,0,0,0,10.51
1102,0,0,F,1,0,1,1,0,0,0,10.26
1103,0,0,M,1,0,1,1,0,0,1,14.55
1104,0,0,F,1,0,1,1,0,0,1,14.31
1105,1,0,M,1,0,1,1,0,1,0,18.38
1106,1,0,F,1,0,1,1,0,0,1,14.38
1107,1,0,F,1,0,1,1,0,1,0,18.58
1108,1,0,M,1,0,1,1,0,0,0,10.49
1109,0,0,M,1,0,1,1,0,1,0,18.4
1110,1,0,F,1,0,1,1,0,0,0,10.33
1111,0,0,M,1,0,1,1,0,0,0,10.44
1112,0,0,F,1,0,1,1,0,0,0,10.59
1113,1,0,F,1,0,1,1,0,0,0,10.33
1114,1,0,M,1,0,1,1,1,1,0,24
1115,0,0,F,1,0,1,1,0,0,0,10.66
1116,1,0,M,1,0,1,1,0,0,0,10.53
1117,1,0,F,1,0,1,1,0,1,1,22.29
1118,0,0,F,1,0,1,1,0,0,1,14.39
1119,1,0,M,1,0,1,1,0,0,1,14.5
1120,0,0,M,1,0,1,1,0,1,0,18.42
1121,1,0,F,1,0,1,1,1,1,1,27.53
1122,0,0,M,1,0,1,1,0,0,1,14.62
1123,1,0,F,1,0,1,1,1,1,1,27.51
1124,0,0,M,1,0,1,1,0,1,1,22.39
1125,0,0,F,1,0,1,1,0,0,0,10.69
1126,0,0,F,1,0,1,1,0,0,0,10.55
1127,0,0,M,1,0,1,1,0,1,1,22.36
1128,1,0,F,1,0,1,1,0,0,1,14.35
1129,1,0,F,1,0,1,1,0,0,1,14.46
1130,0,0,M,1,0,1,1,0,1,0,18.58
1131,1,0,F,1,0,1,1,1,1,0,23.82
1132,0,0,M,1,0,1,1,0,0,1,14.34
1133,1,0,M,1,0,1,1,0,0,1,14.34
1134,1,0,F,1,0,1,1,0,1,1,22.09
1135,0,0,M,1,0,1,1,0,0,1,14.61
1136,0,0,F,1,0,1,1,1,1,0,23.58
1137,1,0,F,1,0,1,1,0,1,0,18.61
1138,1,0,F,1,0,1,1,0,0,0,10.3
1139,0,0,M,1,0,1,1,0,0,1,14.29
1140,0,0,F,1,0,1,1,0,0,1,14.16
1141,0,0,F,1,0,1,1,0,0,0,10.47
1142,1,0,M,1,0,1,1,0,0,0,10.71
1143,0,0,M,1,0,1,1,0,0,0,10.58
1144,0,0,F,1,0,1,1,0,0,1,14.26
1145,0,0,M,1,0,1,1,1,1,1,27.61
1146,1,0,M,1,0,1,1,0,1,0,18.29
1147,0,0,M,1,0,1,1,0,1,0,18.37
1148,1,0,M,1,0,1,1,0,1,1,22.31
1149,1,0,M,1,0,1,1,0,0,0,10.3
1150,1,0,F,1,0,1,1,0,0,1,14.27
1151,1,0,M,1,0,1,1,0,1,1,22.55
1152,0,0,F,1,0,1,1,1,1,0,23.88
1153,0,0,F,1,0,1,1,0,0,1,14.42
1154,0,0,F,1,0,1,1,0,1,1,22.22
1155,1,0,F,1,0,1,1,0,1,1,22.31
1156,0,0,M,1,0,1,1,0,0,1,14.45
1157,1,0,F,1,0,1,1,0,0,1,14.59
1158,0,0,M,1,0,1,1,0,0,1,14.33
1159,0,0,M,1,0,1,1,0,0,0,10.64
1160,0,0,M,1,0,1,1,0,1,1,22.14
1161,0,0,M,1,0,1,1,0,0,1,14.34
1162,1,0,F,1,0,1,1,0,0,0,10.46
1163,0,0,F,1,0,1,1,0,0,1,14.58
1164,0,0,F,1,0,1,1,1,1,1,27.73
1165,1,0,F,1,0,1,1,0,0,0,10.34
1166,1,0,F,1,0,1,1,0,0,1,14.3
1167,1,0,M,1,0,1,1,0,0,0,10.4
1168,1,0,M,1,0,1,1,0,0,0,10.62
1169,0,0,M,1,0,1,1,0,1,0,18.59
1170,0,0,F,1,0,1,1,0,0,1,14.24
1171,1,0,F,1,0,1,1,1,1,1,27.85
1172,1,0,F,1,0,1,1,0,0,0,10.72
1173,1,0,F,1,0,1,1,0,0,1,14.35
1174,1,0,F,1,0,1,1,0,0,1,14.21
1175,1,0,M,1,0,1,1,0,0,0,10.3
1176,1,0,F,1,0,1,1,1,1,0,23.75
1177,0,0,F,1,0,1,1,0,1,1,22.53
1178,1,0,F,1,0,1,1,0,0,0,10.62
1179,0,0,M,1,0,1,1,0,1,1,22.43
1180,1,0,F,1,0,1,1,0,1,0,18.44
1181,0,0,F,1,0,1,1,1,1,0,23.84
1182,0,0,F,1,0,1,1,0,0,1,14.26
1183,0,0,M,1,0,1,1,0,0,0,10.45
1184,0,0,M,1,0,1,1,0,0,0,10.41
1185,1,0,M,1,0,1,1,0,0,1,14.5
1186,1,0,F,1,0,1,1,0,0,1,14.35
1187,1,0,F,1,0,1,1,0,0,0,10.41
1188,1,0,M,1,0,1,1,0,0,1,14.43
1189,1,0,M,1,0,1,1,0,0,0,10.68
1190,0,0,M,1,0,1,1,0,0,1,14.4
1191,1,0,F,1,0,1,1,1,1,1,27.53
1192,1,0,M,1,0,1,1,0,1,1,22.11
1193,1,0,F,1,0,1,1,0,0,1,14.64
1194,1,0,F,1,0,1,1,0,0,0,10.63
1195,0,0,M,1,0,1,1,0,1,0,18.51
1196,1,0,M,1,0,1,1,0,0,1,14.54
1197,0,0,F,1,0,1,1,1,1,0,23.56
1198,1,0,M,1,0,1,1,1,1,0,23.71
1199,0,0,M,1,0,1,1,0,0,1,14.43
1200,1,0,M,1,0,1,1,0,0,1,14.28
1201,1,0,F,1,0,1,1,1,1,1,27.7
1202,1,0,M,1,0,1,1,0,0,1,14.34
1203,1,0,F,1,0,1,1,0,0,0,10.34
1204,1,0,M,1,0,1,1,0,0,0,10.33
1205,0,0,F,1,0,1,1,1,1,1,27.8
1206,1,0,F,1,0,1,1,1,1,1,27.88
1207,0,0,M,1,0,1,1,0,0,1,14.33
1208,0,0,M,1,0,1,1,0,0,1,14.58
1209,1,0,M,1,0,1,1,1,1,0,23.93
1210,1,0,F,1,0,1,1,0,0,1,14.36
1211,1,0,F,1,0,1,1,0,0,0,10.55
1212,0,0,M,1,0,1,1,1,1,0,23.72
1213,0,0,M,1,0,1,1,0,0,0,10.52
1214,0,0,F,1,0,1,1,0,1,0,18.17
1215,0,0,M,1,0,1,1,0,1,1,22.37
1216,0,0,M,1,0,1,1,0,0,1,14.41
1217,1,0,M,1,0,1,1,0,0,0,10.26
1218,1,0,M,1,0,1,1,0,0,1,14.2
1219,0,0,M,1,0,1,1,0,0,0,10.31
1220,0,0,M,1,0,1,1,0,0,1,14.22
1221,1,0,F,1,0,1,1,0,0,1,14.44
1222,0,0,F,1,0,1,1,0,0,1,14.46
1223,1,0,F,1,0,1,1,0,0,0,10.42
1224,1,0,M,1,0,1,1,0,0,0,10.71
1225,1,0,M,1,0,1,1,0,1,0,18.57
1226,1,0,F,1,0,1,1,0,0,0,10.62
1227,1,0,M,1,0,1,1,0,0,1,14.55
1228,1,0,F,1,0,1,1,0,0,1,14.51
1229,0,0,M,1,0,1,1,0,1,0,18.21
1230,0,0,M,1,0,1,1,0,0,0,10.47
1231,0,0,F,1,0,1,1,0,1,1,22.42
1232,0,0,F,1,0,1,1,0,0,0,10.49
1233,0,0,M,1,0,1,1,0,1,1,22.32
1234,1,0,M,1,0,1,1,0,0,0,10.65
1235,0,0,M,1,0,1,1,0,0,0,10.43
1236,1,0,M,1,0,1,1,0,1,1,22.4
1237,0,0,F,1,0,1,1,0,0,0,10.36
1238,1,0,F,1,0,1,1,0,0,0,10.48
1239,0,0,M,1,0,1,1,0,0,1,14.33
1240,1,0,M,1,0,1,1,0,1,0,18.44
1241,0,0,M,1,0,1,1,0,1,1,22.53
1242,1,0,F,1,0,1,1,0,0,0,10.66
1243,1,0,M,1,0,1,1,0,0,1,14.62
1244,1,0,F,1,0,1,1,1,1,1,27.51
1245,0,0,F,1,0,1,1,0,0,0,10.42
1246,0,0,F,1,0,1,1,0,0,0,10.49
1247,0,0,F,1,0,1,1,0,0,0,10.74
1248,1,0,F,1,0,1,1,0,0,1,14.55
1249,0,0,M,1,0,1,1,0,0,1,14.61
1250,1,0,F,1,0,1,1,0,0,0,10.54
1251,0,0,M,1,0,1,1,0,0,1,14.58
1252,1,0,F,1,0,1,1,0,0,0,10.35
1253,1,0,F,1,0,1,1,1,1,1,27.73
1254,0,0,M,1,0,1,1,0,1,0,18.35
1255,0,0,M,1,0,1,1,1,1,1,27.7
1256,0,0,F,1,0,1,1,0,1,0,18.36
1257,1,0,M,1,0,1,1,0,0,1,14.17
1258,1,0,M,1,0,1,1,1,1,1,27.76
1259,0,0,F,1,0,1,1,0,1,1,22.12
1260,1,0,F,1,0,1,1,0,0,0,10.41
1261,0,0,M,1,0,1,1,0,1,0,18.26
1262,0,0,M,1,0,1,1,0,0,1,14.31
1263,0,0,M,1,0,1,1,0,0,1,14.52
1264,0,0,F,1,0,1,1,0,0,0,10.57
1265,1,0,M,1,0,1,1,0,0,0,10.45
1266,0,0,M,1,0,1,1,0,0,0,10.42
1267,0,0,M,1,0,1,1,0,1,1,22.38
1268,1,0,M,1,0,1,1,0,0,0,10.52
1269,1,0,F,1,0,1,1,0,0,0,10.41
1270,1,0,M,1,0,1,1,0,0,0,10.28
1271,0,0,F,1,0,1,1,0,0,1,14.15
1272,1,0,F,1,0,1,1,0,1,0,18.31
1273,1,0,M,1,0,1,1,0,0,0,10.26
1274,1,0,M,1,0,1,1,0,1,1,22.3
1275,1,0,M,1,0,1,1,0,0,0,10.58
1276,0,0,F,1,0,1,1,1,1,0,23.97
1277,1,0,M,1,0,1,1,0,0,0,10.43
1278,1,0,F,1,0,1,1,1,1,0,23.83
1279,0,0,F,1,0,1,1,0,0,1,14.41
1280,1,0,F,1,0,1,1,0,0,1,14.32
1281,1,0,F,1,0,1,1,0,0,0,10.5
1282,0,0,M,1,0,1,1,0,0,0,10.52
1283,0,0,F,1,0,1,1,0,0,1,14.28
1284,1,0,M,1,0,1,1,0,1,0,18.25
1285,0,0,F,1,0,1,1,1,1,1,27.73
1286,1,0,F,1,0,1,1,0,1,1,22.07
1287,0,0,M,1,0,1,1,0,0,0,10.67
1288,1,0,M,1,0,1,1,0,1,0,18.39
1289,1,0,F,1,0,1,1,1,1,1,27.82
1290,0,0,M,1,0,1,1,0,1,1,22.09
1291,0,0,M,1,0,1,1,0,0,1,14.65
1292,0,0,F,1,0,1,1,0,1,1,22.25
1293,0,0,M,1,0,1,1,0,0,1,14.32
1294,0,0,F,1,0,1,1,0,0,0,10.38
1295,1,0,F,1,0,1,1,0,0,1,14.26
1296,0,0,F,1,0,1,1,1,1,1,27.67
1297,0,0,M,1,0,1,1,0,0,1,14.22
1298,0,0,F,1,0,1,1,1,1,1,27.57
1299,1,0,M,1,0,1,1,0,0,0,10.49
1300,1,0,M,1,0,1,1,0,0,0,10.48
1301,1,0,M,1,0,1,1,0,0,1,14.61
1302,0,0,M,1,0,1,1,0,0,0,10.38
1303,0,0,M,1,0,1,1,1,1,0,23.62
1304,0,0,M,1,0,1,1,0,1,0,18.39
1305,1,0,F,1,0,1,1,0,0,0,10.48
1306,0,0,M,1,0,1,1,0,0,1,14.49
1307,1,0,M,1,0,1,1,0,1,0,18.43
1308,1,0,M,1,0,1,1,0,0,0,10.75
1309,1,0,F,1,0,1,1,0,0,0,10.42
1310,1,0,M,1,0,1,1,0,1,0,18.3
1311,1,0,F,1,0,1,1,0,1,0,18.56
1312,1,0,F,1,0,1,1,0,0,1,14.43
1313,1,0,F,1,0,1,1,0,0,0,10.57
1314,0,0,F,1,0,1,1,1,1,1,27.66
1315,1,0,F,1,0,1,1,0,0,0,10.36
1316,1,0,F,1,0,1,1,0,1,1,22.18
1317,0,0,M,1,0,1,1,0,1,1,22.39
1318,0,0,M,1,0,1,1,1,1,0,23.82
1319,1,0,F,1,0,1,1,0,0,0,10.44
1320,0,0,F,1,0,1,1,0,0,1,14.6
1321,1,0,M,1,0,1,1,0,0,0,10.51
1322,0,0,F,1,0,1,1,1,1,0,23.85
1323,1,0,F,1,0,1,1,0,0,0,10.3
1324,1,0,F,1,0,1,1,0,1,0,18.33
1325,0,0,M,1,0,1,1,0,0,1,14.42
1326,1,0,M,1,0,1,1,0,0,0,10.68
1327,1,0,F,1,0,1,1,0,0,1,14.49
1328,1,0,M,1,0,1,1,0,0,0,10.48
1329,0,0,M,1,0,1,1,0,1,0,18.42
1330,1,0,M,1,0,1,1,0,1,0,18.37
1331,0,0,F,1,0,1,1,0,0,0,10.37
1332,1,0,M,1,0,1,1,0,1,0,18.17
1333,0,0,F,1,0,1,1,0,0,0,10.55
1334,0,0,M,1,0,1,1,0,0,1,14.38
1335,1,0,M,1,0,1,1,0,0,0,10.65
1336,1,0,M,1,0,1,1,0,0,0,10.44
1337,1,0,M,1,0,1,1,0,0,1,14.32
1338,0,0,M,1,0,1,1,0,0,1,14.21
1339,1,0,M,1,0,1,1,0,1,1,22.38
1340,0,0,F,1,0,1,1,0,0,0,10.46
1341,0,0,M,1,0,1,1,0,0,1,14.38
1342,0,0,F,1,0,1,1,0,0,0,10.69
1343,0,0,M,1,0,1,1,0,1,0,18.39
1344,1,0,F,1,0,1,1,0,0,0,10.56
1345,0,0,F,1,0,1,1,0,1,0,18.17
1346,1,0,M,1,0,1,1,0,1,1,22.07
1347,1,0,M,1,0,1,1,0,0,1,14.62
1348,1,0,F,1,0,1,1,0,0,0,10.51
1349,0,0,M,1,0,1,1,0,0,0,10.4
1350,1,0,F,1,0,1,1,1,1,1,27.57
1351,1,0,F,1,0,1,1,1,1,1,27.94
1352,1,0,F,1,0,1,1,0,0,0,10.4
1353,1,0,F,1,0,1,1,0,0,0,10.49
1354,1,0,F,1,0,1,1,0,0,1,14.45
1355,0,0,F,1,0,1,1,1,1,1,27.83
1356,1,0,M,1,0,1,1,0,0,0,10.49
1357,0,0,M,1,0,1,1,0,0,0,10.32
1358,0,0,F,1,0,1,1,0,0,1,14.26
1359,0,0,F,1,0,1,1,0,1,0,18.55
1360,1,0,F,1,0,1,1,0,1,0,18.29
1361,0,0,M,1,0,1,1,0,0,0,10.64
1362,0,0,F,1,0,1,1,1,1,1,27.53
1363,0,0,M,1,0,1,1,0,1,1,22.35
1364,1,0,M,1,0,1,1,0,0,1,14.17
1365,0,0,F,1,0,1,1,0,1,1,22.35
1366,0,0,F,1,0,1,1,1,1,1,27.59
1367,1,0,F,1,0,1,1,0,0,1,14.31
1368,1,0,F,1,0,1,1,0,0,1,14.53
1369,0,0,M,1,0,1,1,0,0,1,14.2
1370,0,0,F,1,0,1,1,0,0,0,10.34
1371,1,0,F,1,0,1,1,0,0,1,14.23
1372,0,0,F,1,0,1,1,0,0,1,14.51
1373,0,0,M,1,0,1,1,1,1,1,27.78
1374,1,0,F,1,0,1,1,0,0,1,14.6
1375,0,0,M,1,0,1,1,0,1,1,22.53
1376,0,0,F,1,0,1,1,1,1,1,27.56
1377,1,0,F,1,0,1,1,0,1,0,18.31
1378,1,0,F,1,0,1,1,0,1,1,22.54
1379,1,0,M,1,0,1,1,0,0,1,14.24
1380,0,0,F,1,0,1,1,0,1,0,18.22
1381,0,0,F,1,0,1,1,0,0,1,14.37
1382,1,0,M,1,0,1,1,0,0,1,14.48
1383,1,0,M,1,0,1,1,0,1,1,22.25
1384,1,0,F,1,0,1,1,0,1,0,18.62
1385,0,0,F,1,0,1,1,0,1,0,18.55
1386,0,0,F,1,0,1,1,1,1,1,27.78
1387,0,0,M,1,0,1,1,0,0,1,14.47
1388,0,0,M,1,0,1,1,0,0,0,10.51
1389,1,0,M,1,0,1,1,1,1,0,23.87
1390,1,0,F,1,0,1,1,0,0,0,10.41
1391,0,0,F,1,0,1,1,0,0,0,10.7
1392,0,0,M,1,0,1,1,0,0,1,14.59
1393,0,0,M,1,0,1,1,1,1,0,23.73
1394,0,0,M,1,0,1,1,0,0,1,14.3
1395,1,0,M,1,0,1,1,1,1,1,27.86
1396,0,0,F,1,0,1,1,0,0,0,10.35
1397,1,0,M,1,0,1,1,1,1,0,23.94
1398,0,0,F,1,0,1,1,0,0,1,14.18
1399,1,0,F,1,0,1,1,0,0,1,14.33
1400,1,0,M,1,0,1,1,0,0,1,14.34
1401,1,0,M,1,0,1,1,0,1,0,18.44
1402,1,0,F,1,0,1,1,0,0,1,14.5
1403,0,0,M,1,0,1,1,0,0,1,14.62
1404,0,0,F,1,0,1,1,1,1,1,27.64
1405,1,0,M,1,0,1,1,0,0,0,10.3
1406,1,0,F,1,0,1,1,1,1,0,23.82
1407,0,0,F,1,0,1,1,0,1,0,18.5
1408,1,0,F,1,0,1,1,1,1,0,23.66
1409,1,0,M,1,0,1,1,0,0,0,10.34
1410,0,0,M,1,0,1,1,0,0,1,14.41
1411,1,0,F,1,0,1,1,1,1,0,23.71
1412,0,0,M,1,0,1,1,0,0,0,10.42
1413,1,0,M,1,0,1,1,0,1,0,18.28
1414,1,0,F,1,0,1,1,1,1,0,23.81
1415,0,0,F,1,0,1,1,0,0,1,14.3
1416,1,0,F,1,0,1,1,0,1,0,18.35
1417,0,0,M,1,0,1,1,0,1,1,22.12
1418,1,0,M,1,0,1,1,0,0,0,10.26
1419,1,0,F,1,0,1,1,0,0,1,14.54
1420,1,0,M,1,0,1,1,0,0,1,14.54
1421,0,0,F,1,0,1,1,0,0,0,10.6
1422,0,0,M,1,0,1,1,0,0,1,14.19
1423,0,0,F,1,0,1,1,0,1,1,22.4
1424,0,0,M,1,0,1,1,0,1,0,18.58
1425,0,0,M,1,0,1,1,0,0,0,10.62
1426,1,0,F,1,0,1,1,1,1,1,27.89
1427,0,0,F,1,0,1,1,1,1,1,27.78
1428,0,0,M,1,0,1,1,0,0,0,10.4
1429,1,0,F,1,0,1,1,0,0,1,14.52
1430,0,0,M,1,0,1,1,0,1,0,18.17
1431,0,0,M,1,0,1,1,0,0,0,10.42
1432,1,0,F,1,0,1,1,0,0,0,10.57
1433,0,0,M,1,0,1,1,0,1,0,18.41
1434,0,0,M,1,0,1,1,0,0,1,14.42
1435,1,0,M,1,0,1,1,0,0,1,14.43
1436,1,0,F,1,0,1,1,1,1,0,23.62
1437,0,0,F,1,0,1,1,0,0,1,14.42
1438,1,0,M,1,0,1,1,0,1,1,22.24
1439,0,0,F,1,0,1,1,0,0,0,10.26
1440,1,0,M,1,0,1,1,0,1,0,18.53
1441,0,0,M,1,0,1,1,0,0,1,14.38
1442,1,0,F,1,0,1,1,1,1,1,27.79
1443,0,0,F,1,0,1,1,0,0,0,10.44
1444,1,0,F,1,0,1,1,1,1,1,27.86
1445,0,0,F,1,0,1,1,0,0,0,10.36
1446,0,0,M,1,0,1,1,1,1,1,27.47
1447,0,0,F,1,0,1,1,0,0,1,14.22
1448,0,0,F,1,0,1,1,0,0,1,14.44
1449,1,0,M,1,0,1,1,0,0,1,14.34
1450,0,0,M,1,0,1,1,0,0,0,10.74
1451,1,0,M,1,0,1,1,0,0,1,14.62
1452,0,0,M,1,0,1,1,0,1,0,18.57
1453,1,0,M,1,0,1,1,0,0,0,10.26
1454,0,0,F,1,0,1,1,0,1,1,22.19
1455,0,0,M,1,0,1,1,1,1,1,27.91
1456,1,0,F,1,0,1,1,0,1,0,18.38
1457,0,0,M,1,0,1,1,0,0,1,14.26
1458,1,0,F,1,0,1,1,0,1,0,18.63
1459,1,0,F,1,0,1,1,0,1,1,22.26
1460,0,0,M,1,0,1,1,0,0,1,14.24
1461,0,0,M,1,0,1,1,0,0,0,10.44
1462,1,0,F,1,0,1,1,0,0,0,10.39
1463,0,0,M,1,0,1,1,0,0,0,10.56
1464,1,0,F,1,0,1,1,0,1,0,18.46
1465,1,0,F,1,0,1,1,0,1,1,22.36
1466,0,0,M,1,0,1,1,0,0,1,14.51
1467,0,0,F,1,0,1,1,0,1,1,22.21
1468,1,0,M,1,0,1,1,0,1,0,18.34
1469,0,0,M,1,0,1,1,0,0,1,14.54
1470,0,0,F,1,0,1,1,0,0,0,10.57
1471,0,0,M,1,0,1,1,1,1,0,23.67
1472,1,0,M,1,0,1,1,0,0,1,14.32
1473,1,0,F,1,0,1,1,0,0,0,10.51
1474,1,0,F,1,0,1,1,0,1,1,22.22
1475,0,0,M,1,0,1,1,0,0,1,14.59
1476,1,0,M,1,0,1,1,0,0,1,14.54
1477,0,0,F,1,0,1,1,0,0,0,10.31
1478,0,0,F,1,0,1,1,1,1,1,27.85
1479,1,0,F,1,0,1,1,0,0,0,10.74
1480,1,0,F,1,0,1,1,0,0,1,14.47
1481,0,0,F,1,0,1,1,0,0,1,14.57
1482,1,0,M,1,0,1,1,0,0,1,14.29
1483,1,0,M,1,0,1,1,0,0,0,10.43
1484,0,0,F,1,0,1,1,0,0,1,14.45
1485,1,0,F,1,0,1,1,0,0,1,14.35
1486,1,0,M,1,0,1,1,0,0,1,14.55
1487,1,0,M,1,0,1,1,0,0,0,10.47
1488,1,0,F,1,0,1,1,0,0,0,10.69
1489,0,0,M,1,0,1,1,0,0,1,14.4
1490,1,0,F,1,0,1,1,1,1,0,24.03
1491,1,0,M,1,0,1,1,0,0,1,14.25
1492,1,0,M,1,0,1,1,0,0,1,14.65
1493,1,0,F,1,0,1,1,0,1,0,18.23
1494,0,0,M,1,0,1,1,0,0,0,10.36
1495,0,0,M,1,0,1,1,0,1,1,22.39
1496,1,0,M,1,0,1,1,0,0,1,14.63
1497,1,0,M,1,0,1,1,0,0,1,14.21
1498,0,0,M,1,0,1,1,0,0,1,14.34
1499,0,0,M,1,0,1,1,0,0,1,14.37
1500,0,0,F,1,0,1,1,0,0,0,10.52
1501,0,1,M,0,1,0,0,0,0,1,4.12
1502,1,1,F,0,1,0,0,1,0,0,5.65
1503,1,1,F,0,1,0,0,1,1,0,13.42
1504,1,1,F,0,1,0,0,1,0,0,5.85
1505,1,1,M,0,1,0,0,0,0,0,0.18
1506,1,1,F,0,1,0,0,1,0,1,9.79
1507,0,1,F,0,1,0,0,1,0,0,5.8
1508,0,1,F,0,1,0,0,1,0,0,5.54
1509,0,1,M,0,1,0,0,1,0,0,5.64
1510,1,1,F,0,1,0,0,1,1,1,17.22
1511,1,1,M,0,1,0,0,0,0,1,4.3
1512,1,1,M,0,1,0,1,0,0,1,14.23
1513,0,1,F,0,1,0,0,1,0,1,9.47
1514,1,1,F,0,1,0,0,1,0,1,9.43
1515,0,1,M,0,1,0,1,0,0,0,10.35
1516,0,1,M,0,1,0,0,0,0,1,4
1517,1,1,F,0,1,0,0,1,0,1,9.58
1518,0,1,F,0,1,0,0,1,0,1,9.34
1519,1,1,M,0,1,0,0,0,0,1,4.1
1520,0,1,M,0,1,0,0,1,0,0,5.74
1521,1,1,F,0,1,0,0,1,0,1,9.72
1522,1,1,M,0,1,0,0,1,0,1,9.44
1523,0,1,M,0,1,0,0,1,0,1,9.78
1524,1,1,F,0,1,0,0,1,1,0,13.46
1525,1,1,M,0,1,0,0,0,0,0,0.22
1526,0,1,M,0,1,0,0,0,0,1,4.08
1527,1,1,F,0,1,0,0,1,0,1,9.75
1528,1,1,M,0,1,0,0,1,0,1,9.71
1529,1,1,F,0,1,0,0,1,0,1,9.51
1530,0,1,M,0,1,0,0,0,0,1,4.22
1531,1,1,M,0,1,0,1,1,1,1,27.54
1532,1,1,F,0,1,0,0,1,0,1,9.32
1533,0,1,F,0,1,0,0,1,0,0,5.89
1534,1,1,F,0,1,0,0,1,0,1,9.77
1535,1,1,M,0,1,0,0,1,0,1,9.62
1536,1,1,F,0,1,0,0,1,0,1,9.32
1537,0,1,M,0,1,0,0,0,0,1,3.96
1538,1,1,M,0,1,0,0,1,0,1,9.68
1539,1,1,M,0,1,0,0,0,0,0,0.26
1540,1,1,M,0,1,0,1,1,0,0,15.78
1541,1,1,M,0,1,0,0,0,0,1,4.2
1542,0,1,M,0,1,0,0,0,0,1,4.03
1543,1,1,M,0,1,0,0,0,0,0,0.2
1544,0,1,F,0,1,0,0,1,1,1,17.53
1545,0,1,F,0,1,0,0,1,1,1,17.37
1546,1,1,F,0,1,0,0,1,0,1,9.46
1547,0,1,M,0,1,0,1,0,0,0,10.29
1548,0,1,M,0,1,0,0,0,1,1,12.15
1549,1,1,F,0,1,0,0,1,0,0,5.71
1550,0,1,M,0,1,0,0,1,1,0,13.4
1551,1,1,F,0,1,0,0,1,0,0,5.77
1552,0,1,F,0,1,0,0,1,1,0,13.44
1553,1,1,F,0,1,0,0,1,0,1,9.4
1554,1,1,F,0,1,0,0,1,0,1,9.59
1555,0,1,M,0,1,0,1,1,0,1,19.68
1556,1,1,F,0,1,0,0,1,0,0,5.5
1557,1,1,M,0,1,0,1,0,0,1,14.34
1558,1,1,F,0,1,0,0,1,1,0,13.6
1559,1,1,M,0,1,0,0,0,0,1,4.2
1560,0,1,F,0,1,0,0,1,0,1,9.4
1561,0,1,F,0,1,0,0,1,0,0,5.44
1562,0,1,F,0,1,0,0,1,0,0,5.69
1563,1,1,F,0,1,0,0,1,0,1,9.46
1564,0,1,F,0,1,0,0,1,1,0,13.54
1565,0,1,M,0,1,0,0,1,0,0,5.48
1566,1,1,M,0,1,0,0,0,0,0,0.38
1567,0,1,M,0,1,0,0,0,0,1,4.2
1568,1,1,M,0,1,0,1,0,0,1,14.63
1569,1,1,M,0,1,0,0,0,0,0,0.08
1570,0,1,F,0,1,0,0,1,0,1,9.79
1571,1,1,F,0,1,0,0,1,0,1,9.71
1572,1,1,M,0,1,0,1,0,0,1,14.27
1573,1,1,F,0,1,0,0,1,0,0,5.46
1574,1,1,F,0,1,0,0,1,0,1,9.64
1575,1,1,F,0,1,0,0,1,0,1,9.68
1576,1,1,F,0,1,0,0,1,0,1,9.41
1577,1,1,F,0,1,0,0,1,0,1,9.61
1578,0,1,M,0,1,0,0,0,1,1,12.16
1579,1,1,F,0,1,0,0,1,0,1,9.37
1580,1,1,F,0,1,0,0,1,0,1,9.48
1581,0,1,M,0,1,0,0,0,0,1,4.19
1582,1,1,F,0,1,0,0,1,0,0,5.88
1583,0,1,M,0,1,0,0,0,0,1,4.01
1584,1,1,F,0,1,0,0,1,0,1,9.69
1585,0,1,M,0,1,0,0,1,0,0,5.52
1586,1,1,F,0,1,0,0,1,1,1,17.35
1587,0,1,M,0,1,0,0,0,0,1,4.24
1588,0,1,F,0,1,0,0,1,0,1,9.67
1589,0,1,M,0,1,0,0,1,0,0,5.88
1590,0,1,F,0,1,0,0,1,1,0,13.45
1591,1,1,M,0,1,0,1,0,0,1,14.24
1592,1,1,M,0,1,0,0,0,0,1,3.93
1593,0,1,F,0,1,0,0,1,0,0,5.74
1594,1,1,M,0,1,0,1,1,1,0,23.95
1595,1,1,F,0,1,0,0,1,0,1,9.42
1596,0,1,F,0,1,0,0,1,0,0,5.84
1597,0,1,F,0,1,0,1,1,1,1,27.73
1598,0,1,M,0,1,0,0,0,0,0,0.04
1599,1,1,M,0,1,0,0,0,0,1,4.38
1600,0,1,F,0,1,0,0,1,0,0,5.65
1601,0,1,F,0,1,0,0,1,1,0,13.3
1602,1,1,M,0,1,0,1,0,0,0,10.37
1603,1,1,M,0,1,0,1,0,0,0,10.7
1604,0,1,M,0,1,0,0,0,0,0,0.45
1605,0,1,M,0,1,0,0,1,0,1,9.56
1606,0,1,F,0,1,0,0,1,0,1,9.72
1607,0,1,F,0,1,0,0,1,0,1,9.71
1608,0,1,M,0,1,0,0,0,0,1,4
1609,0,1,M,0,1,0,0,0,0,0,0.36
1610,1,1,M,0,1,0,0,0,0,0,0.11
1611,0,1,M,0,1,0,0,1,0,0,5.59
1612,1,1,F,0,1,0,0,1,0,0,5.47
1613,0,1,F,0,1,0,0,1,0,1,9.49
1614,1,1,F,0,1,0,0,1,0,0,5.82
1615,1,1,F,0,1,0,0,1,0,0,5.47
1616,0,1,F,0,1,0,0,1,0,0,5.56
1617,0,1,M,0,1,0,0,1,0,1,9.77
1618,0,1,M,0,1,0,1,0,0,0,10.72
1619,1,1,M,0,1,0,0,0,0,0,0.28
1620,0,1,M,0,1,0,0,0,1,0,8.38
1621,0,1,M,0,1,0,0,0,0,0,0.15
1622,0,1,M,0,1,0,0,1,0,0,5.47
1623,0,1,M,0,1,0,0,0,0,1,4.16
1624,1,1,F,0,1,0,0,1,0,0,5.49
1625,0,1,M,0,1,0,0,0,0,1,4.12
1626,0,1,F,0,1,0,0,1,0,0,5.69
1627,1,1,M,0,1,0,1,0,0,0,10.57
1628,1,1,M,0,1,0,0,0,1,0,8.07
1629,1,1,M,0,1,0,0,0,1,0,8.26
1630,0,1,M,0,1,0,1,1,1,1,27.84
1631,0,1,F,0,1,0,0,1,0,1,9.31
1632,0,1,M,0,1,0,0,0,0,0,0.46
1633,0,1,F,0,1,0,0,1,0,1,9.55
1634,1,1,F,0,1,0,0,1,0,0,5.62
1635,1,1,F,0,1,0,0,1,0,0,5.82
1636,1,1,F,0,1,0,0,1,0,1,9.67
1637,0,1,F,0,1,0,0,1,1,0,13.41
1638,1,1,M,0,1,0,0,0,0,0,0.47
1639,1,1,M,0,1,0,1,0,0,1,14.58
1640,1,1,M,0,1,0,1,1,0,0,15.74
1641,0,1,F,0,1,0,0,1,1,0,13.5
1642,1,1,F,0,1,0,0,1,0,1,9.39
1643,0,1,F,0,1,0,0,1,0,1,9.35
1644,0,1,M,0,1,0,0,1,0,0,5.59
1645,0,1,F,0,1,0,0,1,0,0,5.84
1646,0,1,M,0,1,0,1,1,1,1,27.54
1647,1,1,F,0,1,0,0,1,0,0,5.6
1648,0,1,F,0,1,0,0,1,0,0,5.47
1649,1,1,M,0,1,0,0,0,0,0,0.02
1650,0,1,M,0,1,0,0,0,0,0,0.41
1651,0,1,F,0,1,0,0,1,0,1,9.64
1652,0,1,M,0,1,0,0,0,0,1,4.35
1653,1,1,M,0,1,0,0,1,0,0,5.8
1654,0,1,M,0,1,0,1,0,1,1,22.09
1655,1,1,F,0,1,0,0,1,0,0,5.81
1656,1,1,F,0,1,0,0,1,0,0,5.51
1657,1,1,M,0,1,0,0,0,0,0,0.09
1658,0,1,M,0,1,0,1,1,1,0,23.68
1659,0,1,M,0,1,0,1,0,0,1,14.41
1660,0,1,F,0,1,0,0,1,0,1,9.79
1661,1,1,M,0,1,0,0,0,0,1,4.37
1662,0,1,F,0,1,0,0,1,0,1,9.49
1663,1,1,M,0,1,0,0,1,0,0,5.59
1664,1,1,F,0,1,0,0,1,0,1,9.56
1665,1,1,M,0,1,0,0,0,0,0,0.22
1666,1,1,F,0,1,0,0,1,0,0,5.6
1667,1,1,F,0,1,0,0,1,0,0,5.71
1668,0,1,F,0,1,0,0,1,0,0,5.79
1669,0,1,F,0,1,0,0,1,0,1,9.45
1670,0,1,M,0,1,0,0,0,0,0,0.16
1671,1,1,F,0,1,0,0,1,0,1,9.44
1672,0,1,M,0,1,0,0,0,0,0,0.02
1673,0,1,F,0,1,0,0,1,0,0,5.48
1674,1,1,F,0,1,0,0,1,0,1,9.66
1675,0,1,M,0,1,0,1,0,0,0,10.36
1676,1,1,M,0,1,0,0,0,0,1,4.33
1677,1,1,M,0,1,0,0,1,0,1,9.8
1678,0,1,F,0,1,0,0,1,0,1,9.59
1679,1,1,M,0,1,0,1,0,0,1,14.37
1680,0,1,M,0,1,0,0,1,0,1,9.52
1681,0,1,F,0,1,0,0,1,0,0,5.88
1682,0,1,F,0,1,0,1,1,0,0,15.94
1683,1,1,F,0,1,0,0,1,0,1,9.6
1684,0,1,F,0,1,0,0,1,0,1,9.32
1685,0,1,F,0,1,0,0,1,0,1,9.67
1686,1,1,M,0,1,0,0,0,0,0,0.16
1687,0,1,M,0,1,0,0,0,0,0,0.09
1688,0,1,F,0,1,0,0,1,0,1,9.45
1689,0,1,F,0,1,0,0,1,0,1,9.57
1690,1,1,F,0,1,0,0,1,0,0,5.54
1691,0,1,M,0,1,0,0,0,0,1,4.07
1692,1,1,F,0,1,0,0,1,0,1,9.35
1693,0,1,M,0,1,0,1,0,0,1,14.48
1694,1,1,M,0,1,0,1,0,0,1,14.37
1695,0,1,M,0,1,0,0,1,0,0,5.7
1696,1,1,F,0,1,0,0,1,0,1,9.68
1697,0,1,M,0,1,0,1,0,0,1,14.51
1698,0,1,M,0,1,0,0,1,0,1,9.56
1699,1,1,M,0,1,0,1,0,0,1,14.2
1700,1,1,F,0,1,0,0,1,0,0,5.63
1701,0,1,M,0,1,0,1,1,1,0,24.03
1702,1,1,M,0,1,0,0,0,0,1,4.31
1703,0,1,F,0,1,0,0,1,0,1,9.76
1704,0,1,M,0,1,0,0,1,0,0,5.8
1705,1,1,M,0,1,0,1,1,1,1,27.46
1706,1,1,F,0,1,0,0,1,0,1,9.71
1707,1,1,F,0,1,0,0,1,0,0,5.7
1708,1,1,F,0,1,0,0,1,0,1,9.62
1709,0,1,F,0,1,0,0,1,0,0,5.53
1710,0,1,M,0,1,0,0,0,0,0,0.13
1711,0,1,F,0,1,0,0,1,0,1,9.5
1712,0,1,F,0,1,0,1,1,0,1,19.8
1713,1,1,F,0,1,0,0,1,0,1,9.39
1714,1,1,M,0,1,0,0,0,0,1,4
1715,0,1,M,0,1,0,1,0,0,1,14.62
1716,1,1,M,0,1,0,1,1,0,0,16.11
1717,1,1,F,0,1,0,0,1,0,0,5.62
1718,1,1,M,0,1,0,0,0,0,0,0.41
1719,1,1,M,0,1,0,0,0,0,0,0.28
1720,1,1,M,0,1,0,0,0,0,0,0.04
1721,1,1,F,0,1,0,0,1,0,1,9.71
1722,1,1,M,0,1,0,0,0,0,1,4.12
1723,1,1,F,0,1,0,0,1,0,1,9.32
1724,0,1,M,0,1,0,0,0,0,1,4.34
1725,0,1,M,0,1,0,0,0,0,1,4.2
1726,1,1,F,0,1,0,0,1,1,0,13.42
1727,1,1,M,0,1,0,0,0,0,1,4.07
1728,1,1,M,0,1,0,0,0,0,1,3.98
1729,0,1,M,0,1,0,0,0,0,1,4.12
1730,1,1,M,0,1,0,0,1,0,1,9.66
1731,1,1,M,0,1,0,1,1,0,1,19.68
1732,0,1,F,0,1,0,0,1,0,0,5.84
1733,0,1,F,0,1,0,0,1,0,1,9.4
1734,0,1,M,0,1,0,1,0,0,1,14.57
1735,0,1,F,0,1,0,1,1,1,1,27.94
1736,0,1,M,0,1,0,0,1,0,1,9.65
1737,0,1,M,0,1,0,0,0,0,0,0.07
1738,0,1,M,0,1,0,0,1,0,1,9.42
1739,0,1,M,0,1,0,0,0,0,1,4.22
1740,0,1,M,0,1,0,0,1,0,1,9.31
1741,0,1,F,0,1,0,0,1,0,1,9.59
1742,1,1,M,0,1,0,0,1,0,0,5.81
1743,1,1,M,0,1,0,0,0,0,0,0.26
1744,1,1,M,0,1,0,0,1,0,0,5.58
1745,0,1,M,0,1,0,0,0,0,0,0.25
1746,1,1,F,0,1,0,0,1,0,1,9.61
1747,0,1,M,0,1,0,0,1,0,1,9.58
1748,1,1,F,0,1,0,0,1,0,0,5.84
1749,1,1,F,0,1,0,0,1,0,0,5.77
1750,1,1,M,0,1,0,0,1,0,1,9.74
1751,1,1,F,0,1,0,0,1,1,1,17.7
1752,0,1,M,0,1,0,0,0,0,1,4.3
1753,1,1,M,0,1,0,1,0,0,1,14.46
1754,1,1,M,0,1,0,0,0,0,0,0.01
1755,0,1,M,0,1,0,1,0,0,1,14.29
1756,0,1,M,0,1,0,0,0,0,0,0.46
1757,1,1,M,0,1,0,1,0,0,1,14.27
1758,0,1,M,0,1,0,0,0,0,0,0.21
1759,0,1,M,0,1,0,0,1,0,0,5.54
1760,1,1,M,0,1,0,0,0,0,1,4.34
1761,1,1,F,0,1,0,0,1,1,1,17.48
1762,0,1,M,0,1,0,0,1,0,0,5.58
1763,0,1,M,0,1,0,0,0,0,1,4.12
1764,0,1,M,0,1,0,0,1,0,0,5.8
1765,0,1,M,0,1,0,1,0,0,1,14.43
1766,1,1,F,0,1,0,0,1,0,1,9.53
1767,0,1,F,0,1,0,0,1,0,0,5.6
1768,1,1,M,0,1,0,0,0,0,1,4.22
1769,1,1,M,0,1,0,0,0,0,1,4.38
1770,0,1,F,0,1,0,0,1,0,0,5.58
1771,1,1,F,0,1,0,0,1,0,0,5.8
1772,1,1,M,0,1,0,0,0,0,0,0.5
1773,0,1,M,0,1,0,1,0,0,1,14.16
1774,1,1,F,0,1,0,0,1,0,1,9.49
1775,1,1,F,0,1,0,0,1,0,0,5.43
1776,1,1,F,0,1,0,0,1,0,1,9.66
1777,0,1,M,0,1,0,1,0,0,1,14.36
1778,0,1,M,0,1,0,1,0,0,1,14.32
1779,1,1,F,0,1,0,0,1,0,1,9.76
1780,0,1,M,0,1,0,0,1,0,1,9.31
1781,0,1,F,0,1,0,0,1,0,0,5.78
1782,0,1,M,0,1,0,0,0,0,1,4.2
1783,0,1,F,0,1,0,0,1,0,0,5.75
1784,1,1,F,0,1,0,0,1,0,1,9.57
1785,0,1,M,0,1,0,1,0,0,1,14.39
1786,1,1,M,0,1,0,1,0,0,0,10.39
1787,0,1,F,0,1,0,0,1,0,0,5.63
1788,1,1,M,0,1,0,0,1,0,0,5.52
1789,0,1,M,0,1,0,1,0,1,0,18.5
1790,1,1,M,0,1,0,1,1,0,1,19.74
1791,1,1,F,0,1,0,0,1,0,1,9.5
1792,0,1,M,0,1,0,0,0,1,0,8.13
1793,1,1,F,0,1,0,0,1,0,1,9.53
1794,0,1,M,0,1,0,0,0,0,0,0.13
1795,1,1,M,0,1,0,0,1,0,0,5.87
1796,1,1,M,0,1,0,1,1,1,0,23.7
1797,0,1,F,0,1,0,0,1,0,1,9.45
1798,1,1,F,0,1,0,0,1,0,1,9.68
1799,1,1,F,0,1,0,0,1,0,1,9.46
1800,0,1,F,0,1,0,0,1,0,1,9.74
1801,1,1,M,0,1,0,1,0,0,1,14.55
1802,0,1,F,0,1,0,0,1,0,1,9.65
1803,0,1,F,0,1,0,0,1,0,1,9.55
1804,1,1,F,0,1,0,0,1,0,0,5.69
1805,0,1,F,0,1,0,0,1,0,1,9.71
1806,1,1,M,0,1,0,1,1,1,1,27.5
1807,1,1,F,0,1,0,0,1,1,0,13.58
1808,1,1,M,0,1,0,0,0,0,1,4.12
1809,1,1,M,0,1,0,0,1,0,0,5.73
1810,0,1,M,0,1,0,0,0,0,0,0.33
1811,0,1,F,0,1,0,0,1,0,1,9.66
1812,1,1,M,0,1,0,0,0,0,0,0.35
1813,1,1,M,0,1,0,1,1,1,1,27.65
1814,0,1,F,0,1,0,0,1,0,1,9.51
1815,0,1,F,0,1,0,0,1,0,1,9.3
1816,0,1,M,0,1,0,0,0,0,0,0.33
1817,1,1,F,0,1,0,0,1,0,0,5.67
1818,1,1,M,0,1,0,0,0,0,0,0.41
1819,0,1,F,0,1,0,0,1,0,0,5.68
1820,1,1,M,0,1,0,1,1,0,1,19.87
1821,0,1,F,0,1,0,1,1,0,1,20.03
1822,0,1,F,0,1,0,0,1,1,0,13.52
1823,1,1,F,0,1,0,0,1,0,0,5.62
1824,1,1,M,0,1,0,0,0,0,0,0.18
1825,1,1,M,0,1,0,0,1,0,1,9.49
1826,1,1,F,0,1,0,0,1,0,0,5.64
1827,0,1,F,0,1,0,0,1,0,0,5.55
1828,0,1,M,0,1,0,1,1,0,1,20.01
1829,1,1,F,0,1,0,0,1,0,1,9.38
1830,1,1,F,0,1,0,0,1,0,0,5.64
1831,0,1,M,0,1,0,0,0,0,0,0.04
1832,0,1,F,0,1,0,0,1,0,0,5.58
1833,1,1,F,0,1,0,0,1,0,0,5.8
1834,0,1,M,0,1,0,0,0,0,1,4.11
1835,1,1,F,0,1,0,0,1,0,1,9.52
1836,0,1,F,0,1,0,0,1,0,1,9.37
1837,0,1,M,0,1,0,1,0,0,0,10.32
1838,0,1,F,0,1,0,0,1,0,1,9.56
1839,1,1,M,0,1,0,0,0,0,1,4.15
1840,0,1,F,0,1,0,0,1,0,1,9.32
1841,0,1,M,0,1,0,0,0,0,1,4.15
1842,1,1,M,0,1,0,0,0,1,0,7.95
1843,1,1,M,0,1,0,1,0,0,1,14.26
1844,1,1,F,0,1,0,0,1,0,1,9.46
1845,0,1,M,0,1,0,0,0,0,1,3.97
1846,1,1,F,0,1,0,0,1,0,1,9.36
1847,1,1,F,0,1,0,0,1,0,1,9.42
1848,1,1,F,0,1,0,0,1,0,1,9.65
1849,0,1,F,0,1,0,0,1,0,1,9.45
1850,0,1,M,0,1,0,1,1,0,0,15.96
1851,1,1,M,0,1,0,0,0,0,0,0.17
1852,1,1,F,0,1,0,0,1,1,1,17.41
1853,0,1,M,0,1,0,1,0,0,1,14.62
1854,0,1,F,0,1,0,0,1,0,0,5.89
1855,0,1,M,0,1,0,0,0,0,0,0.22
1856,0,1,F,0,1,0,0,1,0,1,9.48
1857,1,1,M,0,1,0,0,0,0,1,4.24
1858,0,1,F,0,1,0,0,1,0,0,5.4
1859,1,1,M,0,1,0,0,1,1,0,13.46
1860,0,1,F,0,1,0,0,1,0,1,9.76
1861,1,1,F,0,1,0,0,1,1,0,13.5
1862,0,1,M,0,1,0,0,0,1,0,8.25
1863,0,1,F,0,1,0,0,1,0,1,9.62
1864,0,1,M,0,1,0,1,1,0,1,19.95
1865,0,1,M,0,1,0,0,0,1,0,8.29
1866,1,1,M,0,1,0,0,0,0,0,0.29
1867,0,1,F,0,1,0,0,1,0,1,9.64
1868,1,1,M,0,1,0,0,0,0,1,4.2
1869,1,1,M,0,1,0,0,0,1,1,12.08
1870,0,1,F,0,1,0,0,1,0,0,5.66
1871,0,1,M,0,1,0,1,0,0,0,10.64
1872,0,1,F,0,1,0,0,1,0,0,5.67
1873,0,1,F,0,1,0,0,1,0,1,9.72
1874,0,1,F,0,1,0,0,1,0,0,5.79
1875,0,1,F,0,1,0,0,1,0,0,5.5
1876,0,1,F,0,1,0,0,1,0,1,9.35
1877,1,1,F,0,1,0,0,1,0,1,9.39
1878,0,1,F,0,1,0,0,1,0,1,9.31
1879,0,1,M,0,1,0,0,0,0,1,4.14
1880,0,1,M,0,1,0,0,1,0,1,9.44
1881,0,1,M,0,1,0,1,0,1,1,22.08
1882,1,1,F,0,1,0,0,1,0,1,9.8
1883,0,1,F,0,1,0,0,1,0,1,9.55
1884,1,1,F,0,1,0,0,1,0,1,9.6
1885,1,1,F,0,1,0,0,1,0,1,9.32
1886,0,1,M,0,1,0,0,1,0,0,5.74
1887,1,1,M,0,1,0,0,0,0,1,3.98
1888,1,1,F,0,1,0,0,1,1,0,13.31
1889,1,1,M,0,1,0,1,0,0,0,10.65
1890,1,1,F,0,1,0,0,1,0,1,9.46
1891,0,1,M,0,1,0,0,1,0,0,5.48
1892,1,1,M,0,1,0,0,0,0,0,0.13
1893,1,1,M,0,1,0,0,0,0,0,0.2
1894,1,1,F,0,1,0,0,1,0,0,5.7
1895,1,1,M,0,1,0,0,0,1,1,11.96
1896,1,1,M,0,1,0,1,0,1,0,18.56
1897,0,1,M,0,1,0,1,0,0,0,10.26
1898,1,1,M,0,1,0,0,1,0,1,9.52
1899,0,1,M,0,1,0,1,0,0,1,14.34
1900,0,1,M,0,1,0,1,0,0,1,14.22
1901,0,1,M,0,1,0,0,0,0,0,0.23
1902,1,1,M,0,1,0,1,0,0,0,10.34
1903,1,1,F,0,1,0,0,1,1,1,17.33
1904,0,1,F,0,1,0,0,1,0,0,5.48
1905,1,1,M,0,1,0,1,0,0,0,10.31
1906,0,1,M,0,1,0,0,0,0,0,0.25
1907,1,1,M,0,1,0,1,0,0,0,10.29
1908,1,1,M,0,1,0,0,0,0,1,3.91
1909,0,1,F,0,1,0,0,1,0,1,9.38
1910,1,1,M,0,1,0,0,1,0,1,9.79
1911,1,1,F,0,1,0,0,1,0,0,5.68
1912,1,1,M,0,1,0,0,0,0,0,0.28
1913,0,1,F,0,1,0,0,1,0,0,5.51
1914,1,1,M,0,1,0,1,0,0,1,14.45
1915,0,1,M,0,1,0,0,0,0,1,4.28
1916,1,1,M,0,1,0,0,1,0,0,5.67
1917,0,1,M,0,1,0,0,1,0,1,9.51
1918,0,1,M,0,1,0,0,0,0,1,4.36
1919,1,1,F,0,1,0,0,1,0,0,5.43
1920,0,1,M,0,1,0,0,0,0,0,0.17
1921,0,1,M,0,1,0,1,1,1,1,27.52
1922,1,1,M,0,1,0,0,0,1,1,12.19
1923,1,1,M,0,1,0,0,0,0,0,0.18
1924,1,1,M,0,1,0,0,1,0,0,5.77
1925,1,1,M,0,1,0,1,0,0,0,10.53
1926,0,1,M,0,1,0,0,1,0,1,9.59
1927,0,1,F,0,1,0,0,1,0,0,5.85
1928,1,1,F,0,1,0,0,1,0,0,5.86
1929,0,1,F,0,1,0,0,1,0,1,9.34
1930,0,1,M,0,1,0,1,0,1,0,18.53
1931,1,1,M,0,1,0,0,0,0,1,4.22
1932,0,1,F,0,1,0,0,1,0,1,9.34
1933,1,1,F,0,1,0,0,1,0,1,9.49
1934,0,1,M,0,1,0,0,0,0,0,0.01
1935,1,1,M,0,1,0,1,0,0,1,14.58
1936,1,1,M,0,1,0,1,1,0,1,19.78
1937,0,1,M,0,1,0,1,1,0,1,20
1938,0,1,F,0,1,0,0,1,0,0,5.76
1939,0,1,F,0,1,0,1,1,0,1,19.65
1940,0,1,M,0,1,0,1,1,0,1,19.8
1941,1,1,M,0,1,0,1,0,0,0,10.39
1942,1,1,M,0,1,0,0,0,0,0,0.47
1943,0,1,M,0,1,0,1,0,0,0,10.29
1944,0,1,M,0,1,0,0,0,0,0,0.16
1945,1,1,M,0,1,0,0,0,0,0,0.04
1946,1,1,M,0,1,0,0,0,0,1,3.91
1947,1,1,M,0,1,0,0,0,0,1,4.24
1948,0,1,M,0,1,0,0,1,0,1,9.35
1949,0,1,F,0,1,0,0,1,0,0,5.5
1950,1,1,M,0,1,0,0,1,0,0,5.71
1951,0,1,F,1,0,0,0,1,0,0,5.74
1952,0,1,F,0,0,1,0,1,0,1,9.35
1953,0,0,M,1,1,0,0,1,1,1,17.34
1954,1,1,F,0,0,0,0,1,0,0,5.89
1955,0,0,M,1,1,0,1,0,1,1,22.12
1956,0,0,M,1,1,1,0,0,0,1,3.9
1957,0,1,M,1,1,0,0,1,0,0,5.62
1958,0,1,F,1,0,1,0,0,0,1,4.18
1959,0,0,M,0,0,1,1,0,0,0,10.31
1960,0,0,F,1,0,1,1,0,1,1,22.22
1961,1,1,F,1,0,0,0,1,0,0,5.83
1962,1,1,F,0,0,0,0,1,0,1,9.33
1963,1,0,M,1,0,1,1,0,1,0,18.48
1964,1,0,F,1,1,0,1,1,1,1,27.62
1965,1,1,F,0,1,0,0,1,0,1,9.53
1966,0,0,M,0,1,0,1,0,0,0,10.63
1967,1,0,M,0,1,0,1,0,0,1,14.22
1968,0,1,M,1,0,0,1,0,0,0,10.67
1969,1,1,F,0,0,0,0,1,0,0,5.81
1970,1,1,F,1,1,1,0,0,0,1,3.97
1971,1,0,M,0,1,1,1,0,0,1,14.33
1972,1,1,F,0,0,0,0,1,0,0,5.81
1973,0,0,M,0,1,1,0,0,0,0,0.2
1974,0,0,F,0,0,1,1,1,1,0,23.75
1975,0,1,M,0,1,1,0,0,0,1,3.92
1976,1,1,M,0,0,1,1,1,0,0,16.04
1977,0,0,M,0,0,0,1,0,0,0,10.27
1978,0,1,M,1,0,1,1,0,0,1,14.56
1979,1,0,F,1,0,1,1,1,1,1,27.6
1980,1,1,F,1,0,0,0,1,1,0,13.65
1981,0,1,M,0,1,1,1,1,0,1,19.94
1982,0,1,M,1,0,0,1,1,1,1,27.55
1983,1,0,F,0,0,1,1,1,0,1,19.92
1984,1,1,M,1,0,1,1,0,0,1,14.46
1985,0,1,F,0,1,1,0,1,1,0,13.39
1986,0,0,F,1,1,1,1,0,1,0,18.6
1987,0,0,M,1,1,0,0,0,0,0,0.04
1988,0,1,M,0,1,0,0,0,0,0,0.3
1989,1,0,M,0,0,1,1,1,0,0,15.74
1990,0,0,M,1,0,0,1,1,1,0,23.63
1991,0,1,F,0,0,1,1,1,0,0,15.71
1992,1,0,M,1,1,0,1,0,0,0,10.34
1993,1,0,M,1,1,1,1,1,1,1,27.56
1994,1,0,M,1,0,1,1,0,0,0,10.47
1995,1,1,F,0,0,0,0,1,0,0,5.68
1996,1,1,F,0,1,1,0,1,0,1,9.41
1997,1,0,M,0,1,0,0,0,0,0,0.09
1998,1,0,M,1,1,1,1,0,1,0,18.46
1999,0,0,M,0,0,0,1,1,0,0,15.84
2000,1,0,M,1,1,0,0,0,0,1,4.27
