BR_CDE,CHECK_NO,SLS_DT,TX_SEQ,PAY_MTD_CDE,PAY_AMT,IS_MEMBER,LC_OCT_ID
A003,7696,2014/7/2,1,OC,24.5,Y,54624
A004,7506,2014/7/2,1,OC,20,Y,54692
A004,7507,2014/7/2,1,VH,10,Y,54692
A004,7507,2014/7/2,2,OC,11,Y,54692
A004,12222,2014/7/3,1,OC,21,Y,54692
A004,102,2014/7/3,1,VH,5,Y,54692
A004,102,2014/7/3,2,OC,21,Y,54692
A004,106,2014/7/3,1,CA,100,Y,54692
A004,13914,2014/7/5,1,VH,10,Y,54692
A004,13914,2014/7/5,2,OC,10,Y,54692
A004,13922,2014/7/5,1,VH,10,Y,54692
A004,13922,2014/7/5,2,OC,12.5,Y,54692
A004,15881,2014/7/8,1,OC,18,Y,54692
A004,16186,2014/7/9,1,OC,20,Y,54692
A004,13811,2014/7/16,1,OC,21,Y,54692
A004,13812,2014/7/16,1,OC,20,Y,54692
A004,13813,2014/7/16,1,CA,100,Y,54692
A004,13820,2014/7/16,1,VH,5,Y,54692
A004,13820,2014/7/16,2,OC,21,Y,54692
A004,15658,2014/7/17,1,VH,10,Y,54692
A004,15658,2014/7/17,2,OC,23,Y,54692
A004,15278,2014/7/17,1,OC,20,Y,54692
A004,15279,2014/7/17,1,OC,18,Y,54692
A004,15280,2014/7/17,1,CA,100,Y,54692
A004,16030,2014/7/18,1,OC,21,Y,54692
A004,16031,2014/7/18,1,OC,21,Y,54692
A004,16035,2014/7/18,1,VH,5,Y,54692
A004,16035,2014/7/18,2,OC,26,Y,54692
A004,13151,2014/7/4,1,OC,21,Y,54692
A004,5824,2014/7/8,1,VH,10,Y,54692
A004,5824,2014/7/8,2,OC,23,Y,54692
A004,6741,2014/7/9,1,OC,20,Y,54692
A004,6743,2014/7/9,1,CA,100,Y,54692
A004,105,2014/7/3,1,OC,18,Y,54692
A004,13915,2014/7/5,1,CA,100,Y,54692
A004,6742,2014/7/9,1,OC,20,Y,54692
A001,11534,2014/7/21,1,OC,68,N,54738
A001,10637,2014/7/7,1,OC,50.5,N,54738
A001,13107,2014/7/11,1,OC,22.5,N,54742
A001,15846,2014/7/15,1,OC,25,N,54742
A001,3373,2014/7/4,1,OC,28,N,54742
A001,7400,2014/7/27,1,OC,29,N,54742
A001,13909,2014/7/25,1,OC,25,N,54742
A001,12296,2014/7/23,1,OC,24,N,54742
A001,11759,2014/7/22,1,OC,32,N,54742
A001,10055,2014/7/19,1,OC,25,N,54742
A001,17142,2014/7/17,1,OC,25,N,54742
A001,7244,2014/7/10,1,OC,29,N,54742
A001,11507,2014/7/9,1,OC,28.5,N,54742
A001,6647,2014/7/8,1,OC,29,N,54742
A001,16969,2014/7/3,1,OC,28,N,54742
A003,1882,2014/7/20,2,OC,27,Y,54748
A003,1882,2014/7/20,1,VH,5,Y,54748
A002,2037,2014/7/1,1,OC,19,Y,54782
A002,3973,2014/7/3,1,VH,10,Y,54782
A002,3973,2014/7/3,2,OC,23,Y,54782
A002,15672,2014/7/4,1,OC,20,Y,54782
A002,16701,2014/7/5,1,VH,5,Y,54782
A002,16701,2014/7/5,2,OC,19.5,Y,54782
A002,3973,2014/7/3,1,VH,10,Y,54782
A002,3973,2014/7/3,2,OC,23,Y,54782
A002,8527,2014/7/7,1,OC,20,Y,54782
A002,11471,2014/7/8,1,CA,100,Y,54782
A002,11472,2014/7/8,1,OC,20,Y,54782
A002,13082,2014/7/9,1,VH,5,Y,54782
A002,13082,2014/7/9,2,OC,21,Y,54782
A002,3973,2014/7/3,1,VH,10,Y,54782
A002,3973,2014/7/3,2,OC,23,Y,54782
A002,2772,2014/7/10,1,VH,5,Y,54782
A002,2772,2014/7/10,2,OC,19.5,Y,54782
A002,5936,2014/7/13,1,VH,5,Y,54782
A002,5936,2014/7/13,2,OC,19,Y,54782
A002,5937,2014/7/13,1,VH,10,Y,54782
A002,5937,2014/7/13,2,OC,16,Y,54782
A002,11009,2014/7/15,1,VH,3,Y,54782
A002,11009,2014/7/15,2,OC,50,Y,54782
A002,11036,2014/7/15,1,VH,3,Y,54782
A002,11036,2014/7/15,2,OC,41,Y,54782
A002,596,2014/7/16,1,VH,5,Y,54782
A002,596,2014/7/16,2,OC,19.5,Y,54782
A002,13062,2014/7/17,1,OC,20,Y,54782
A002,13063,2014/7/17,1,VH,5,Y,54782
A002,13063,2014/7/17,2,OC,22,Y,54782
A002,14219,2014/7/18,1,OC,20,Y,54782
A002,3534,2014/7/19,1,VH,5,Y,54782
A002,3534,2014/7/19,2,OC,20.5,Y,54782
A002,17200,2014/7/21,1,OC,20,Y,54782
A002,6997,2014/7/22,1,OC,20,Y,54782
A002,11772,2014/7/24,1,OC,22,Y,54782
A002,278,2014/7/24,1,OC,20,Y,54782
A002,2988,2014/7/26,1,VH,5,Y,54782
A002,2988,2014/7/26,2,OC,19,Y,54782
A002,14184,2014/7/27,1,OC,25,Y,54782
A002,5310,2014/7/28,2,OC,17,Y,54782
A002,5310,2014/7/28,1,VH,10,Y,54782
A002,8508,2014/7/31,1,OC,20,Y,54782
A002,11008,2014/7/15,1,CA,500,Y,54782
A002,11008,2014/7/15,2,CH,300,Y,54782
A002,17199,2014/7/21,1,CA,100,Y,54782
A002,15279,2014/7/11,1,OC,20,Y,54782
A004,11457,2014/7/1,1,OC,21,Y,54796
A004,6922,2014/7/1,1,VH,3,Y,54796
A004,6922,2014/7/1,2,OC,28.5,Y,54796
A004,6492,2014/7/1,1,OC,20,Y,54796
A004,6493,2014/7/1,1,OC,20,Y,54796
A004,8470,2014/7/2,1,VH,3,Y,54796
A004,8470,2014/7/2,2,OC,44,Y,54796
A004,8471,2014/7/2,1,CA,500,Y,54796
A004,8471,2014/7/2,2,CH,200,Y,54796
A004,7562,2014/7/2,1,OC,20,Y,54796
A004,12644,2014/7/3,1,OC,21,Y,54796
A004,12292,2014/7/3,1,OC,20,Y,54796
A004,13053,2014/7/4,1,OC,20,Y,54796
A004,1489,2014/7/4,1,VH,5,Y,54796
A004,1489,2014/7/4,2,OC,24,Y,54796
A004,13921,2014/7/5,1,OC,20,Y,54796
A004,2431,2014/7/5,1,VH,3,Y,54796
A004,2431,2014/7/5,2,OC,44,Y,54796
A004,15044,2014/7/6,1,OC,7,Y,54796
A004,3642,2014/7/6,1,VH,10,Y,54796
A004,3642,2014/7/6,2,OC,37,Y,54796
A004,2691,2014/7/6,1,OC,20,Y,54796
A004,4119,2014/7/7,1,OC,20,Y,54796
A004,4120,2014/7/7,1,OC,20,Y,54796
A004,5511,2014/7/8,1,OC,20,Y,54796
A004,5512,2014/7/8,1,CA,500,Y,54796
A004,6828,2014/7/9,1,OC,20,Y,54796
A004,8273,2014/7/10,1,VH,10,Y,54796
A004,8273,2014/7/10,2,OC,41,Y,54796
A004,7519,2014/7/10,1,OC,20,Y,54796
A004,310,2014/7/11,1,OC,20,Y,54796
A004,11094,2014/7/12,1,VH,3,Y,54796
A004,11094,2014/7/12,2,OC,33,Y,54796
A004,10865,2014/7/12,1,OC,7,Y,54796
A004,10372,2014/7/12,1,OC,20,Y,54796
A004,11898,2014/7/13,1,VH,3,Y,54796
A004,11898,2014/7/13,2,OC,46,Y,54796
A004,2280,2014/7/13,1,OC,21,Y,54796
A004,12509,2014/7/14,1,OC,7,Y,54796
A004,12526,2014/7/14,1,VH,10,Y,54796
A004,12526,2014/7/14,2,OC,34,Y,54796
A004,12057,2014/7/14,1,OC,20,Y,54796
A004,13221,2014/7/15,1,OC,21,Y,54796
A004,3845,2014/7/15,1,CA,500,Y,54796
A004,13773,2014/7/16,1,OC,20,Y,54796
A004,4418,2014/7/16,1,VH,10,Y,54796
A004,4418,2014/7/16,2,OC,26,Y,54796
A004,4390,2014/7/16,1,OC,7,Y,54796
A004,5143,2014/7/17,1,VH,10,Y,54796
A004,5143,2014/7/17,2,OC,38,Y,54796
A004,16004,2014/7/18,1,OC,20,Y,54796
A004,12526,2014/7/14,2,OC,34,Y,54796
A004,12509,2014/7/14,1,OC,7,Y,54796
A004,12526,2014/7/14,1,VH,10,Y,54796
A004,12057,2014/7/14,1,OC,20,Y,54796
A004,13455,2014/7/15,1,VH,10,Y,54796
A004,13455,2014/7/15,2,OC,29,Y,54796
A004,11606,2014/7/1,1,OC,18,Y,54796
A004,8258,2014/7/2,1,OC,7,Y,54796
A004,2692,2014/7/6,1,OC,20,Y,54796
A004,15595,2014/7/7,1,VH,10,Y,54796
A004,15595,2014/7/7,2,OC,21.5,Y,54796
A004,15578,2014/7/7,1,OC,7,Y,54796
A004,12058,2014/7/14,1,OC,20,Y,54796
A004,3843,2014/7/15,1,OC,20,Y,54796
A004,3844,2014/7/15,1,OC,20,Y,54796
A004,12058,2014/7/14,1,OC,20,Y,54796
A004,6406,2014/7/8,1,VH,3,Y,54796
A004,6406,2014/7/8,2,OC,44,Y,54796
A003,13689,2014/7/31,2,OC,20,Y,54812
A003,13689,2014/7/31,1,VH,5,Y,54812
A003,11390,2014/7/29,1,OC,25,Y,54812
A003,15780,2014/7/17,1,OC,29,Y,54812
A003,1585,2014/7/4,1,OC,24.5,Y,54812
A003,13688,2014/7/31,1,OC,25,Y,54812
A003,1584,2014/7/4,1,OC,24.5,Y,54812
A003,17027,2014/7/18,2,OC,24,Y,54812
A003,17027,2014/7/18,1,VH,5,Y,54812
A003,15781,2014/7/17,1,OC,25,Y,54812
A003,11389,2014/7/29,1,OC,29,Y,54812
A003,12543,2014/7/22,1,OC,25,Y,54812
A003,12542,2014/7/22,1,OC,29,Y,54812
A003,17026,2014/7/18,1,OC,25,Y,54812
A003,15117,2014/7/9,1,OC,25,Y,54812
A003,15116,2014/7/9,1,OC,25,Y,54812
A003,10336,2014/7/5,2,OC,19.5,Y,54812
A003,10336,2014/7/5,1,VH,5,Y,54812
A003,10335,2014/7/5,1,OC,24.5,Y,54812
A002,12583,2014/7/2,1,OC,22,Y,54890
A002,3838,2014/7/3,1,VH,10,Y,54890
A002,3838,2014/7/3,2,OC,24,Y,54890
A002,3426,2014/7/3,1,OC,22,Y,54890
A002,14977,2014/7/4,1,OC,20,Y,54890
A002,5628,2014/7/5,1,OC,20,Y,54890
A002,12583,2014/7/2,1,OC,22,Y,54890
A002,3838,2014/7/3,1,VH,10,Y,54890
A002,3838,2014/7/3,2,OC,24,Y,54890
A002,3426,2014/7/3,1,OC,22,Y,54890
A002,3838,2014/7/3,1,VH,10,Y,54890
A002,3838,2014/7/3,2,OC,24,Y,54890
A002,3426,2014/7/3,1,OC,22,Y,54890
A002,17417,2014/7/13,1,VH,5,Y,54890
A002,17417,2014/7/13,2,OC,23,Y,54890
A002,4632,2014/7/20,1,OC,27,Y,54890
A002,4633,2014/7/20,1,OC,20,Y,54890
A002,3824,2014/7/27,1,VH,5,Y,54890
A002,3824,2014/7/27,2,OC,20,Y,54890
A002,3825,2014/7/27,1,OC,20,Y,54890
A002,12583,2014/7/2,1,OC,22,Y,54890
A002,14408,2014/7/3,1,VH,5,Y,54890
A002,14408,2014/7/3,2,OC,20,Y,54890
A002,14408,2014/7/3,1,VH,5,Y,54890
A002,14408,2014/7/3,2,OC,20,Y,54890
A002,14408,2014/7/3,1,VH,5,Y,54890
A002,14408,2014/7/3,2,OC,20,Y,54890
A002,7184,2014/7/6,1,VH,5,Y,54890
A002,7184,2014/7/6,2,OC,21,Y,54890
A002,7185,2014/7/6,1,VH,5,Y,54890
A002,7185,2014/7/6,2,OC,20,Y,54890
A001,12287,2014/7/23,2,OC,27,Y,54950
A001,12287,2014/7/23,2,OC,27,Y,54950
A001,12287,2014/7/23,1,VH,5,Y,54950
A001,12287,2014/7/23,1,VH,5,Y,54950
A001,773,2014/7/14,1,CA,100,Y,54950
A001,773,2014/7/14,1,CA,100,Y,54950
A001,1700,2014/7/14,2,CH,400,Y,54950
A001,1700,2014/7/14,2,CH,400,Y,54950
A001,1700,2014/7/14,1,CA,500,Y,54950
A001,1700,2014/7/14,1,CA,500,Y,54950
A001,16976,2014/7/3,1,OC,27,Y,54950
A001,16976,2014/7/3,1,OC,27,Y,54950
A001,15102,2014/7/27,1,CA,100,Y,54950
A001,15102,2014/7/27,1,CA,100,Y,54950
A001,3747,2014/7/20,1,OC,32,Y,54950
A001,3747,2014/7/20,1,OC,32,Y,54950
A001,3338,2014/7/4,2,OC,22,Y,54950
A001,3338,2014/7/4,2,OC,22,Y,54950
A001,3338,2014/7/4,1,VH,5,Y,54950
A001,3338,2014/7/4,1,VH,5,Y,54950
A001,15728,2014/7/28,1,CA,200,Y,54950
A001,15728,2014/7/28,1,CA,200,Y,54950
A001,11731,2014/7/22,1,OC,32,Y,54950
A001,11731,2014/7/22,1,OC,32,Y,54950
A001,15006,2014/7/13,1,OC,48,Y,54950
A001,15006,2014/7/13,1,OC,48,Y,54950
A001,15740,2014/7/28,1,OC,36,Y,54950
A001,15740,2014/7/28,1,OC,36,Y,54950
A001,12289,2014/7/23,2,OC,30,Y,54950
A001,12289,2014/7/23,2,OC,30,Y,54950
A001,12289,2014/7/23,1,VH,10,Y,54950
A001,12289,2014/7/23,1,VH,10,Y,54950
A001,16532,2014/7/16,1,CA,100,Y,54950
A001,16532,2014/7/16,1,CA,100,Y,54950
A001,1973,2014/7/15,2,OC,35,Y,54950
A001,1973,2014/7/15,2,OC,35,Y,54950
A001,1973,2014/7/15,1,VH,3,Y,54950
A001,1973,2014/7/15,1,VH,3,Y,54950
A001,16005,2014/7/1,1,CA,100,Y,54950
A001,16005,2014/7/1,1,CA,100,Y,54950
A001,16583,2014/7/30,2,OC,24,Y,54950
A001,16583,2014/7/30,2,OC,24,Y,54950
A001,16583,2014/7/30,1,VH,5,Y,54950
A001,16583,2014/7/30,1,VH,5,Y,54950
A001,16580,2014/7/30,2,CH,400,Y,54950
A001,16580,2014/7/30,2,CH,400,Y,54950
A001,16580,2014/7/30,1,CA,500,Y,54950
A001,16580,2014/7/30,1,CA,500,Y,54950
A001,16024,2014/7/29,2,OC,26,Y,54950
A001,16024,2014/7/29,2,OC,26,Y,54950
A001,16024,2014/7/29,1,VH,5,Y,54950
A001,16024,2014/7/29,1,VH,5,Y,54950
A001,16022,2014/7/29,2,OC,27,Y,54950
A001,16022,2014/7/29,2,OC,27,Y,54950
A001,16022,2014/7/29,1,VH,5,Y,54950
A001,16022,2014/7/29,1,VH,5,Y,54950
A001,16021,2014/7/29,2,OC,30,Y,54950
A001,16021,2014/7/29,2,OC,30,Y,54950
A001,16021,2014/7/29,1,VH,10,Y,54950
A001,16021,2014/7/29,1,VH,10,Y,54950
A001,821,2014/7/28,2,OC,36,Y,54950
A001,821,2014/7/28,2,OC,36,Y,54950
A001,821,2014/7/28,1,VH,3,Y,54950
A001,821,2014/7/28,1,VH,3,Y,54950
A001,820,2014/7/28,2,OC,36,Y,54950
A001,820,2014/7/28,2,OC,36,Y,54950
A001,820,2014/7/28,1,VH,3,Y,54950
A001,820,2014/7/28,1,VH,3,Y,54950
A001,14524,2014/7/26,1,OC,40,Y,54950
A001,14524,2014/7/26,1,OC,40,Y,54950
A001,14520,2014/7/26,1,CA,100,Y,54950
A001,14520,2014/7/26,1,CA,100,Y,54950
A001,13895,2014/7/25,2,OC,24,Y,54950
A001,13895,2014/7/25,2,OC,24,Y,54950
A001,13895,2014/7/25,1,VH,5,Y,54950
A001,13895,2014/7/25,1,VH,5,Y,54950
A001,13893,2014/7/25,2,OC,35,Y,54950
A001,13893,2014/7/25,2,OC,35,Y,54950
A001,13893,2014/7/25,1,VH,5,Y,54950
A001,13893,2014/7/25,1,VH,5,Y,54950
A001,12872,2014/7/24,1,OC,40,Y,54950
A001,12872,2014/7/24,1,OC,40,Y,54950
A001,12288,2014/7/23,1,OC,29,Y,54950
A001,12288,2014/7/23,1,OC,29,Y,54950
A001,12286,2014/7/23,1,CA,100,Y,54950
A001,12286,2014/7/23,1,CA,100,Y,54950
A001,11732,2014/7/22,1,OC,29,Y,54950
A001,11732,2014/7/22,1,OC,29,Y,54950
A001,11730,2014/7/22,2,CH,400,Y,54950
A001,11730,2014/7/22,2,CH,400,Y,54950
A001,11730,2014/7/22,1,CA,500,Y,54950
A001,11730,2014/7/22,1,CA,500,Y,54950
A001,3749,2014/7/20,2,OC,26,Y,54950
A001,3749,2014/7/20,2,OC,26,Y,54950
A001,3749,2014/7/20,1,VH,5,Y,54950
A001,3749,2014/7/20,1,VH,5,Y,54950
A001,10057,2014/7/19,1,OC,36,Y,54950
A001,10057,2014/7/19,1,OC,36,Y,54950
A001,17200,2014/7/17,1,CA,100,Y,54950
A001,17200,2014/7/17,1,CA,100,Y,54950
A001,16535,2014/7/16,2,OC,30,Y,54950
A001,16535,2014/7/16,2,OC,30,Y,54950
A001,16535,2014/7/16,1,VH,10,Y,54950
A001,16535,2014/7/16,1,VH,10,Y,54950
A001,16533,2014/7/16,2,OC,24,Y,54950
A001,16533,2014/7/16,2,OC,24,Y,54950
A001,16533,2014/7/16,1,VH,5,Y,54950
A001,16533,2014/7/16,1,VH,5,Y,54950
A001,1972,2014/7/15,1,OC,20,Y,54950
A001,1972,2014/7/15,1,OC,20,Y,54950
A001,2128,2014/7/15,2,OC,38,Y,54950
A001,2128,2014/7/15,2,OC,38,Y,54950
A001,2128,2014/7/15,1,VH,3,Y,54950
A001,2128,2014/7/15,1,VH,3,Y,54950
A001,2124,2014/7/15,1,CA,100,Y,54950
A001,2124,2014/7/15,1,CA,100,Y,54950
A001,775,2014/7/14,2,OC,31,Y,54950
A001,775,2014/7/14,2,OC,31,Y,54950
A001,775,2014/7/14,1,VH,5,Y,54950
A001,775,2014/7/14,1,VH,5,Y,54950
A001,774,2014/7/14,1,OC,44,Y,54950
A001,774,2014/7/14,1,OC,44,Y,54950
A001,15004,2014/7/13,2,OC,27,Y,54950
A001,15004,2014/7/13,2,OC,27,Y,54950
A001,15004,2014/7/13,1,VH,5,Y,54950
A001,15004,2014/7/13,1,VH,5,Y,54950
A001,15003,2014/7/13,1,CA,100,Y,54950
A001,15003,2014/7/13,1,CA,100,Y,54950
A001,13960,2014/7/12,1,OC,21,Y,54950
A001,13960,2014/7/12,1,OC,21,Y,54950
A001,13959,2014/7/12,1,OC,32,Y,54950
A001,13959,2014/7/12,1,OC,32,Y,54950
A001,7233,2014/7/10,1,CA,100,Y,54950
A001,7233,2014/7/10,1,CA,100,Y,54950
A001,5626,2014/7/7,1,OC,25,Y,54950
A001,5626,2014/7/7,1,OC,25,Y,54950
A001,5624,2014/7/7,2,OC,38,Y,54950
A001,5624,2014/7/7,2,OC,38,Y,54950
A001,5624,2014/7/7,1,VH,10,Y,54950
A001,5624,2014/7/7,1,VH,10,Y,54950
A001,5617,2014/7/6,2,OC,36,Y,54950
A001,5617,2014/7/6,2,OC,36,Y,54950
A001,5617,2014/7/6,1,VH,3,Y,54950
A001,5617,2014/7/6,1,VH,3,Y,54950
A001,3337,2014/7/4,1,OC,31,Y,54950
A001,3337,2014/7/4,1,OC,31,Y,54950
A001,16975,2014/7/3,2,OC,21,Y,54950
A001,16975,2014/7/3,2,OC,21,Y,54950
A001,16975,2014/7/3,1,VH,10,Y,54950
A001,16975,2014/7/3,1,VH,10,Y,54950
A001,16353,2014/7/2,1,VH,5,Y,54950
A001,16353,2014/7/2,1,VH,5,Y,54950
A001,16353,2014/7/2,2,OC,26,Y,54950
A001,16353,2014/7/2,2,OC,26,Y,54950
A004,6808,2014/7/1,1,OC,22.5,Y,55004
A004,12627,2014/7/3,1,OC,33,Y,55004
A004,375,2014/7/3,1,OC,34,Y,55004
A001,18267,2014/7/18,1,OC,33,Y,55082
A001,18267,2014/7/18,1,OC,33,Y,55082
A003,16795,2014/7/10,1,OC,20,N,55102
A003,16795,2014/7/10,1,OC,20,N,55102
A003,16795,2014/7/10,1,OC,20,N,55102
A003,16795,2014/7/10,1,OC,20,N,55102
A003,12605,2014/7/22,1,OC,20,N,55102
A003,12605,2014/7/22,1,OC,20,N,55102
A003,3951,2014/7/22,1,OC,22.5,N,55102
A003,3951,2014/7/22,1,OC,22.5,N,55102
A003,14668,2014/7/24,1,OC,23,N,55102
A003,14668,2014/7/24,1,OC,23,N,55102
A002,4611,2014/7/20,1,OC,25,N,55114
A003,16088,2014/7/25,1,OC,20,Y,55218
A003,12230,2014/7/29,1,VH,3,Y,55218
A003,12230,2014/7/29,2,OC,33,Y,55218
A002,7203,2014/7/6,1,OC,20,Y,55218
A002,3816,2014/7/27,1,OC,20,Y,55218
A003,724,2014/7/19,1,OC,62.5,N,55226
A003,15513,2014/7/25,1,OC,23.5,N,55226
A003,13990,2014/7/23,1,OC,27,N,55226
A003,14200,2014/7/8,1,OC,30,N,55226
A002,8469,2014/7/31,1,CA,100,Y,55316
A002,8471,2014/7/31,1,VH,5,Y,55316
A002,8471,2014/7/31,2,OC,18,Y,55316
A002,8472,2014/7/31,1,OC,28,Y,55316
A002,8470,2014/7/31,1,VH,5,Y,55316
A002,8470,2014/7/31,2,OC,21,Y,55316
A003,11805,2014/7/21,1,VH,5,Y,55322
A003,11805,2014/7/21,2,OC,16,Y,55322
A003,11806,2014/7/21,1,OC,24,Y,55322
A003,3124,2014/7/21,1,OC,21,Y,55322
A004,11063,2014/7/1,1,OC,24,N,55440
A004,11063,2014/7/1,1,OC,24,N,55440
A004,12330,2014/7/3,1,OC,24,N,55440
A004,12330,2014/7/3,1,OC,24,N,55440
A004,388,2014/7/3,1,OC,33,N,55440
A004,388,2014/7/3,1,OC,33,N,55440
A004,5030,2014/7/7,1,OC,36.5,N,55440
A004,5030,2014/7/7,1,OC,36.5,N,55440
A004,6423,2014/7/8,1,OC,38,N,55440
A004,6423,2014/7/8,1,OC,38,N,55440
A004,6854,2014/7/9,1,OC,24,N,55440
A004,6854,2014/7/9,1,OC,24,N,55440
A004,17807,2014/7/11,1,OC,33,N,55440
A004,17807,2014/7/11,1,OC,33,N,55440
A004,10446,2014/7/12,1,OC,24,N,55440
A004,10446,2014/7/12,1,OC,24,N,55440
A004,14495,2014/7/16,1,OC,37.5,N,55440
A004,14495,2014/7/16,1,OC,37.5,N,55440
A004,5081,2014/7/17,1,OC,50,N,55440
A004,5081,2014/7/17,1,OC,50,N,55440
A004,14886,2014/7/16,1,OC,51,N,55440
A004,14886,2014/7/16,1,OC,51,N,55440
A004,2436,2014/7/5,1,OC,48,N,55440
A004,2436,2014/7/5,1,OC,48,N,55440
A004,13375,2014/7/15,1,OC,51,N,55440
A004,13375,2014/7/15,1,OC,51,N,55440
A004,5855,2014/7/18,1,OC,50,N,55440
A004,5855,2014/7/18,1,OC,50,N,55440
A004,936,2014/7/4,1,OC,24,N,55440
A004,936,2014/7/4,1,OC,24,N,55440
A002,14827,2014/7/19,1,OC,38,Y,55478
A002,13799,2014/7/10,1,OC,29.5,Y,55478
A002,5200,2014/7/28,2,OC,27,Y,55478
A002,5200,2014/7/28,1,VH,5,Y,55478
A002,11111,2014/7/7,2,OC,41,Y,55478
A002,11111,2014/7/7,1,VH,3,Y,55478
A002,7155,2014/7/30,1,OC,42,Y,55478
A002,12847,2014/7/2,1,OC,32.5,Y,55478
A002,5199,2014/7/28,2,OC,27,Y,55478
A002,5199,2014/7/28,1,VH,10,Y,55478
A002,4303,2014/7/27,2,OC,34,Y,55478
A002,4303,2014/7/27,1,VH,3,Y,55478
A002,4302,2014/7/27,2,OC,46,Y,55478
A002,4302,2014/7/27,1,VH,3,Y,55478
A002,1284,2014/7/25,1,OC,29.5,Y,55478
A002,434,2014/7/24,2,OC,30,Y,55478
A002,434,2014/7/24,1,VH,5,Y,55478
A002,10319,2014/7/23,2,OC,19.5,Y,55478
A002,10319,2014/7/23,1,VH,10,Y,55478
A002,17593,2014/7/21,2,OC,49,Y,55478
A002,17593,2014/7/21,1,VH,3,Y,55478
A002,17592,2014/7/21,2,OC,50,Y,55478
A002,17592,2014/7/21,1,VH,3,Y,55478
A002,12708,2014/7/17,2,OC,35,Y,55478
A002,12708,2014/7/17,1,VH,5,Y,55478
A002,323,2014/7/16,1,OC,29,Y,55478
A002,5447,2014/7/13,2,OC,24.5,Y,55478
A002,5447,2014/7/13,1,VH,5,Y,55478
A002,12615,2014/7/9,2,OC,24.5,Y,55478
A002,12615,2014/7/9,1,VH,5,Y,55478
A002,190,2014/7/8,2,OC,22.5,Y,55478
A002,190,2014/7/8,1,VH,10,Y,55478
A002,11112,2014/7/7,2,OC,45,Y,55478
A002,11112,2014/7/7,1,VH,3,Y,55478
A002,12847,2014/7/2,1,OC,32.5,Y,55478
A002,5649,2014/7/5,1,OC,20,Y,55478
A002,12847,2014/7/2,1,OC,32.5,Y,55478
A002,1768,2014/7/1,1,OC,35,Y,55478
A002,1767,2014/7/1,1,OC,32,Y,55478
A002,3212,2014/7/2,1,OC,47,N,55534
A002,3212,2014/7/2,1,OC,47,N,55534
A002,950,2014/7/8,1,OC,30.5,N,55534
A002,2009,2014/7/9,1,OC,40,N,55534
A002,14379,2014/7/10,1,OC,37,N,55534
A002,3212,2014/7/2,1,OC,47,N,55534
A002,8729,2014/7/7,1,OC,37,N,55534
A002,1773,2014/7/9,1,OC,24,N,55534
A002,5024,2014/7/12,1,OC,45,N,55534
A002,14826,2014/7/19,1,OC,34,N,55534
A002,10369,2014/7/31,1,OC,21.5,N,55534
A001,2063,2014/7/1,1,VH,5,Y,55542
A001,2063,2014/7/1,2,OC,19.5,Y,55542
A001,5104,2014/7/21,1,VH,5,Y,55542
A001,5104,2014/7/21,2,OC,20.5,Y,55542
A001,5105,2014/7/21,1,OC,22,Y,55542
A001,2062,2014/7/1,1,VH,5,Y,55542
A001,2062,2014/7/1,2,OC,20.5,Y,55542
A001,2063,2014/7/1,1,VH,5,Y,55542
A001,2063,2014/7/1,2,OC,19.5,Y,55542
A001,5104,2014/7/21,1,VH,5,Y,55542
A001,5104,2014/7/21,2,OC,20.5,Y,55542
A001,5105,2014/7/21,1,OC,22,Y,55542
A001,2062,2014/7/1,1,VH,5,Y,55542
A001,2062,2014/7/1,2,OC,20.5,Y,55542
A003,6774,2014/7/1,1,OC,20,Y,55556
A003,8012,2014/7/2,1,OC,20,Y,55556
A003,16266,2014/7/3,1,OC,20,Y,55556
A003,17358,2014/7/4,1,OC,20,Y,55556
A003,2637,2014/7/5,1,VH,5,Y,55556
A003,2637,2014/7/5,2,OC,18,Y,55556
A003,11362,2014/7/6,1,CA,100,Y,55556
A003,11363,2014/7/6,1,OC,20,Y,55556
A003,12671,2014/7/7,1,OC,20,Y,55556
A003,6029,2014/7/8,1,OC,20,Y,55556
A003,7187,2014/7/9,1,OC,20,Y,55556
A003,17345,2014/7/11,1,OC,20,Y,55556
A003,1445,2014/7/12,1,OC,20,Y,55556
A003,3575,2014/7/13,1,VH,3,Y,55556
A003,3575,2014/7/13,2,OC,42,Y,55556
A003,3842,2014/7/14,1,VH,10,Y,55556
A003,3842,2014/7/14,2,OC,10,Y,55556
A003,4970,2014/7/15,1,OC,20,Y,55556
A003,14659,2014/7/16,1,OC,20,Y,55556
A003,18029,2014/7/19,1,OC,20,Y,55556
A003,10169,2014/7/20,1,OC,20,Y,55556
A003,2257,2014/7/20,1,VH,10,Y,55556
A003,2257,2014/7/20,2,OC,26,Y,55556
A003,11383,2014/7/21,1,OC,20,Y,55556
A003,11384,2014/7/21,1,VH,10,Y,55556
A003,11384,2014/7/21,2,OC,10,Y,55556
A003,12473,2014/7/22,1,OC,20,Y,55556
A003,13501,2014/7/23,1,OC,20,Y,55556
A003,14588,2014/7/24,1,OC,20,Y,55556
A003,15483,2014/7/25,1,OC,20,Y,55556
A003,16662,2014/7/26,1,CA,100,Y,55556
A003,18590,2014/7/27,1,CA,100,Y,55556
A003,18591,2014/7/27,1,VH,10,Y,55556
A003,18591,2014/7/27,2,OC,39,Y,55556
A003,18592,2014/7/27,1,VH,10,Y,55556
A003,18592,2014/7/27,2,OC,26,Y,55556
A003,17872,2014/7/27,1,OC,20,Y,55556
A003,11306,2014/7/29,1,OC,20,Y,55556
A003,3686,2014/7/30,1,OC,20,Y,55556
A003,13559,2014/7/31,1,OC,20,Y,55556
A003,16257,2014/7/10,1,CA,100,Y,55556
A003,16257,2014/7/10,1,CA,100,Y,55556
A003,3573,2014/7/13,1,CA,200,Y,55556
A003,2688,2014/7/13,1,OC,20,Y,55556
A003,15677,2014/7/17,1,OC,20,Y,55556
A003,16661,2014/7/26,1,OC,20,Y,55556
A003,4694,2014/7/6,1,CA,100,Y,55556
A003,4695,2014/7/6,1,VH,3,Y,55556
A003,4695,2014/7/6,2,OC,46,Y,55556
A003,16258,2014/7/10,1,OC,20,Y,55556
A003,16258,2014/7/10,1,OC,20,Y,55556
A003,8196,2014/7/18,1,CA,100,Y,55556
A003,2256,2014/7/20,1,VH,10,Y,55556
A003,2256,2014/7/20,2,OC,40,Y,55556
A003,13560,2014/7/31,1,CA,100,Y,55556
A003,4693,2014/7/6,1,VH,3,Y,55556
A003,4693,2014/7/6,2,OC,31,Y,55556
A003,3574,2014/7/13,1,VH,3,Y,55556
A003,3574,2014/7/13,2,OC,47,Y,55556
A003,8195,2014/7/18,1,OC,20,Y,55556
A003,10181,2014/7/28,1,VH,10,Y,55556
A003,10181,2014/7/28,2,OC,10,Y,55556
A004,11892,2014/7/13,1,CA,100,N,55576
A004,15559,2014/7/7,1,CA,100,N,55576
A004,14607,2014/7/6,1,OC,28.5,N,55576
A004,14422,2014/7/5,1,OC,44,N,55576
A004,12743,2014/7/3,1,OC,18,N,55576
A004,7548,2014/7/2,1,OC,21,N,55576
A004,11282,2014/7/1,1,OC,64,N,55576
A004,15512,2014/7/17,1,OC,29,N,55576
A004,13860,2014/7/16,1,OC,21,N,55576
A004,7192,2014/7/9,1,OC,30,N,55576
A004,14606,2014/7/6,1,CA,100,N,55576
A004,2806,2014/7/14,1,OC,58,N,55576
A004,16063,2014/7/18,1,OC,21,N,55576
A004,15510,2014/7/17,1,CA,100,N,55576
A004,13861,2014/7/16,1,CA,100,N,55576
A004,13859,2014/7/16,1,OC,29,N,55576
A004,14789,2014/7/16,1,OC,40,N,55576
A004,3906,2014/7/15,1,CA,100,N,55576
A004,3905,2014/7/15,1,OC,29,N,55576
A004,3904,2014/7/15,1,OC,29,N,55576
A004,4370,2014/7/15,1,OC,72,N,55576
A004,2806,2014/7/14,1,OC,58,N,55576
A004,1811,2014/7/13,1,OC,22.5,N,55576
A004,11893,2014/7/13,1,OC,36,N,55576
A004,344,2014/7/11,1,OC,58.5,N,55576
A004,343,2014/7/11,2,CA,500,N,55576
A004,343,2014/7/11,1,CH,300,N,55576
A004,7477,2014/7/10,1,OC,21,N,55576
A004,7476,2014/7/10,1,CA,100,N,55576
A004,17182,2014/7/10,1,OC,29,N,55576
A004,7194,2014/7/9,1,OC,32,N,55576
A004,7193,2014/7/9,1,OC,32,N,55576
A004,7191,2014/7/9,1,CA,100,N,55576
A004,16223,2014/7/9,1,OC,22.5,N,55576
A004,5390,2014/7/8,1,OC,22.5,N,55576
A004,5551,2014/7/8,1,OC,24.5,N,55576
A004,15560,2014/7/7,1,OC,32,N,55576
A004,2342,2014/7/5,1,OC,32,N,55576
A004,13927,2014/7/5,1,OC,22.5,N,55576
A004,13926,2014/7/5,1,CA,100,N,55576
A004,12739,2014/7/3,1,CA,100,N,55576
A004,11281,2014/7/1,1,CA,100,N,55576
A004,11892,2014/7/13,1,CA,100,N,55576
A004,15559,2014/7/7,1,CA,100,N,55576
A004,14607,2014/7/6,1,OC,28.5,N,55576
A004,14422,2014/7/5,1,OC,44,N,55576
A004,12743,2014/7/3,1,OC,18,N,55576
A004,7548,2014/7/2,1,OC,21,N,55576
A004,11282,2014/7/1,1,OC,64,N,55576
A004,15512,2014/7/17,1,OC,29,N,55576
A004,13860,2014/7/16,1,OC,21,N,55576
A004,7192,2014/7/9,1,OC,30,N,55576
A004,14606,2014/7/6,1,CA,100,N,55576
A004,2806,2014/7/14,1,OC,58,N,55576
A004,16063,2014/7/18,1,OC,21,N,55576
A004,15510,2014/7/17,1,CA,100,N,55576
A004,13861,2014/7/16,1,CA,100,N,55576
A004,13859,2014/7/16,1,OC,29,N,55576
A004,14789,2014/7/16,1,OC,40,N,55576
A004,3906,2014/7/15,1,CA,100,N,55576
A004,3905,2014/7/15,1,OC,29,N,55576
A004,3904,2014/7/15,1,OC,29,N,55576
A004,4370,2014/7/15,1,OC,72,N,55576
A004,2806,2014/7/14,1,OC,58,N,55576
A004,1811,2014/7/13,1,OC,22.5,N,55576
A004,11893,2014/7/13,1,OC,36,N,55576
A004,344,2014/7/11,1,OC,58.5,N,55576
A004,343,2014/7/11,2,CA,500,N,55576
A004,343,2014/7/11,1,CH,300,N,55576
A004,7477,2014/7/10,1,OC,21,N,55576
A004,7476,2014/7/10,1,CA,100,N,55576
A004,17182,2014/7/10,1,OC,29,N,55576
A004,7194,2014/7/9,1,OC,32,N,55576
A004,7193,2014/7/9,1,OC,32,N,55576
A004,7191,2014/7/9,1,CA,100,N,55576
A004,16223,2014/7/9,1,OC,22.5,N,55576
A004,5390,2014/7/8,1,OC,22.5,N,55576
A004,5551,2014/7/8,1,OC,24.5,N,55576
A004,15560,2014/7/7,1,OC,32,N,55576
A004,2342,2014/7/5,1,OC,32,N,55576
A004,13927,2014/7/5,1,OC,22.5,N,55576
A004,13926,2014/7/5,1,CA,100,N,55576
A004,12739,2014/7/3,1,CA,100,N,55576
A004,11281,2014/7/1,1,CA,100,N,55576
A002,14602,2014/7/27,1,OC,20,Y,55604
A002,14601,2014/7/27,1,VH,5,Y,55604
A002,14601,2014/7/27,2,OC,19,Y,55604
A003,7796,2014/7/17,1,VH,3,Y,55630
A003,7796,2014/7/17,2,OC,47,Y,55630
A003,17284,2014/7/11,1,OC,38,Y,55680
A003,17284,2014/7/11,1,OC,38,Y,55680
A003,17285,2014/7/11,1,CA,1000,Y,55680
A003,17285,2014/7/11,1,CA,1000,Y,55680
A003,17285,2014/7/11,2,CH,600,Y,55680
A003,17285,2014/7/11,2,CH,600,Y,55680
A003,15776,2014/7/17,1,OC,38,Y,55680
A003,15776,2014/7/17,1,OC,38,Y,55680
A003,1418,2014/7/28,1,CA,500,Y,55680
A003,1418,2014/7/28,1,CA,500,Y,55680
A003,1418,2014/7/28,2,CH,200,Y,55680
A003,1418,2014/7/28,2,CH,200,Y,55680
A003,3782,2014/7/6,1,VH,5,Y,55680
A003,3782,2014/7/6,1,VH,5,Y,55680
A003,3782,2014/7/6,2,OC,32.5,Y,55680
A003,3782,2014/7/6,2,OC,32.5,Y,55680
A003,1417,2014/7/28,1,VH,5,Y,55680
A003,1417,2014/7/28,1,VH,5,Y,55680
A003,1417,2014/7/28,2,OC,33,Y,55680
A003,1417,2014/7/28,2,OC,33,Y,55680
A003,6992,2014/7/24,1,VH,3,Y,55680
A003,6992,2014/7/24,1,VH,3,Y,55680
A003,6992,2014/7/24,2,OC,33,Y,55680
A003,6992,2014/7/24,2,OC,33,Y,55680
A003,6993,2014/7/24,1,CA,500,Y,55680
A003,6993,2014/7/24,1,CA,500,Y,55680
A002,4057,2014/7/3,1,OC,23,N,55786
A002,4057,2014/7/3,1,OC,23,N,55786
A002,4057,2014/7/3,1,OC,23,N,55786
A002,8399,2014/7/31,1,OC,30,N,55786
A001,11706,2014/7/22,1,OC,4,N,55816
A001,1969,2014/7/1,2,OC,7.5,N,55816
A001,1969,2014/7/1,1,VH,100,N,55816
A001,11703,2014/7/22,2,OC,9.5,N,55816
A001,11703,2014/7/22,1,VH,80,N,55816
A001,11270,2014/7/21,2,OC,8,N,55816
A001,11270,2014/7/21,1,VH,90,N,55816
A001,1305,2014/7/14,2,OC,7,N,55816
A001,1305,2014/7/14,1,VH,100,N,55816
A003,1057,2014/7/3,1,CA,200,Y,55832
A003,16389,2014/7/3,1,OC,23.5,Y,55832
A003,2178,2014/7/4,1,OC,44,Y,55832
A003,2128,2014/7/4,1,OC,23,Y,55832
A003,2129,2014/7/4,1,VH,5,Y,55832
A003,2129,2014/7/4,2,OC,23.5,Y,55832
A003,1613,2014/7/4,1,VH,5,Y,55832
A003,1613,2014/7/4,2,OC,18.5,Y,55832
A003,10384,2014/7/5,1,CA,100,Y,55832
A003,10385,2014/7/5,1,VH,5,Y,55832
A003,10385,2014/7/5,2,OC,28,Y,55832
A003,10386,2014/7/5,1,VH,5,Y,55832
A003,10386,2014/7/5,2,OC,28,Y,55832
A003,3343,2014/7/5,1,CA,200,Y,55832
A003,3345,2014/7/5,1,VH,3,Y,55832
A003,3345,2014/7/5,2,OC,27,Y,55832
A003,4047,2014/7/6,1,VH,10,Y,55832
A003,4047,2014/7/6,2,OC,28,Y,55832
A003,4048,2014/7/6,1,VH,5,Y,55832
A003,4048,2014/7/6,2,OC,52,Y,55832
A003,14051,2014/7/8,1,OC,28.5,Y,55832
A003,14053,2014/7/8,1,OC,26,Y,55832
A003,6715,2014/7/8,1,VH,5,Y,55832
A003,6715,2014/7/8,2,OC,39,Y,55832
A003,6716,2014/7/8,1,VH,3,Y,55832
A003,6716,2014/7/8,2,OC,33,Y,55832
A003,15805,2014/7/9,1,VH,3,Y,55832
A003,15805,2014/7/9,2,OC,36,Y,55832
A003,7288,2014/7/9,1,CA,100,Y,55832
A003,7289,2014/7/9,1,VH,10,Y,55832
A003,7289,2014/7/9,2,OC,23,Y,55832
A003,7290,2014/7/9,1,OC,46,Y,55832
A003,16910,2014/7/10,1,CA,100,Y,55832
A003,16911,2014/7/10,1,VH,5,Y,55832
A003,16911,2014/7/10,2,OC,39,Y,55832
A003,16378,2014/7/10,1,VH,5,Y,55832
A003,16378,2014/7/10,2,OC,34,Y,55832
A003,16379,2014/7/10,1,VH,5,Y,55832
A003,16379,2014/7/10,2,OC,33,Y,55832
A003,17466,2014/7/11,1,CA,100,Y,55832
A003,17467,2014/7/11,1,OC,23.5,Y,55832
A003,17468,2014/7/11,1,VH,5,Y,55832
A003,17468,2014/7/11,2,OC,18.5,Y,55832
A003,10990,2014/7/12,2,OC,36,Y,55832
A003,10990,2014/7/12,1,VH,3,Y,55832
A003,10396,2014/7/12,1,VH,10,Y,55832
A003,10396,2014/7/12,2,OC,28,Y,55832
A003,10397,2014/7/12,1,OC,51,Y,55832
A003,16910,2014/7/10,1,CA,100,Y,55832
A003,16911,2014/7/10,1,VH,5,Y,55832
A003,16911,2014/7/10,2,OC,39,Y,55832
A003,16378,2014/7/10,1,VH,5,Y,55832
A003,16378,2014/7/10,2,OC,34,Y,55832
A003,16379,2014/7/10,1,VH,5,Y,55832
A003,16379,2014/7/10,2,OC,33,Y,55832
A003,11510,2014/7/13,1,CA,100,Y,55832
A003,11511,2014/7/13,1,VH,5,Y,55832
A003,11511,2014/7/13,2,OC,34,Y,55832
A003,11512,2014/7/13,1,OC,51,Y,55832
A003,4342,2014/7/14,1,CA,100,Y,55832
A003,4343,2014/7/14,1,VH,5,Y,55832
A003,4343,2014/7/14,2,OC,19,Y,55832
A003,4346,2014/7/14,1,OC,19,Y,55832
A003,13845,2014/7/15,1,VH,5,Y,55832
A003,13845,2014/7/15,2,OC,18.5,Y,55832
A003,13846,2014/7/15,1,OC,23.5,Y,55832
A003,13847,2014/7/15,1,OC,28,Y,55832
A003,15282,2014/7/16,1,VH,10,Y,55832
A003,15282,2014/7/16,2,OC,32,Y,55832
A003,15283,2014/7/16,1,VH,3,Y,55832
A003,15283,2014/7/16,2,OC,27,Y,55832
A003,6287,2014/7/16,1,CA,100,Y,55832
A003,6288,2014/7/16,1,VH,5,Y,55832
A003,6288,2014/7/16,2,OC,23,Y,55832
A003,6289,2014/7/16,1,OC,23.5,Y,55832
A003,6290,2014/7/16,1,OC,21,Y,55832
A003,16481,2014/7/17,2,OC,34,Y,55832
A003,16479,2014/7/17,1,CA,200,Y,55832
A003,16481,2014/7/17,1,VH,5,Y,55832
A003,15828,2014/7/17,1,OC,23.5,Y,55832
A003,15829,2014/7/17,1,VH,5,Y,55832
A003,15829,2014/7/17,2,OC,23,Y,55832
A003,15830,2014/7/17,1,VH,5,Y,55832
A003,15830,2014/7/17,2,OC,18.5,Y,55832
A003,17069,2014/7/18,1,OC,28.5,Y,55832
A003,17070,2014/7/18,1,VH,10,Y,55832
A003,17070,2014/7/18,2,OC,18.5,Y,55832
A003,17071,2014/7/18,1,OC,23.5,Y,55832
A003,489,2014/7/19,1,CA,100,Y,55832
A003,10411,2014/7/20,1,CA,300,Y,55832
A003,10412,2014/7/20,1,OC,28,Y,55832
A003,10413,2014/7/20,1,VH,5,Y,55832
A003,10413,2014/7/20,2,OC,18.5,Y,55832
A003,10414,2014/7/20,1,OC,27.5,Y,55832
A003,12624,2014/7/22,1,VH,10,Y,55832
A003,12624,2014/7/22,2,OC,18.5,Y,55832
A003,12625,2014/7/22,1,OC,23.5,Y,55832
A003,12626,2014/7/22,1,OC,23.5,Y,55832
A003,14261,2014/7/23,1,VH,5,Y,55832
A003,14261,2014/7/23,2,OC,39,Y,55832
A003,13688,2014/7/23,2,CH,800,Y,55832
A003,13689,2014/7/23,1,VH,5,Y,55832
A003,13689,2014/7/23,2,OC,23,Y,55832
A003,13690,2014/7/23,1,OC,23.5,Y,55832
A003,13691,2014/7/23,1,VH,5,Y,55832
A003,13691,2014/7/23,2,OC,21,Y,55832
A003,13688,2014/7/23,1,CA,1000,Y,55832
A003,16311,2014/7/25,1,VH,3,Y,55832
A003,16311,2014/7/25,2,OC,34,Y,55832
A003,16232,2014/7/25,1,OC,19,Y,55832
A003,16233,2014/7/25,1,VH,5,Y,55832
A003,16233,2014/7/25,2,OC,19,Y,55832
A003,15755,2014/7/25,1,CA,500,Y,55832
A003,15755,2014/7/25,2,CH,300,Y,55832
A003,15756,2014/7/25,1,VH,5,Y,55832
A003,15756,2014/7/25,2,OC,18.5,Y,55832
A003,15757,2014/7/25,1,VH,5,Y,55832
A003,15757,2014/7/25,2,OC,18.5,Y,55832
A003,18063,2014/7/27,1,VH,5,Y,55832
A003,18063,2014/7/27,2,OC,23,Y,55832
A003,18065,2014/7/27,1,OC,23.5,Y,55832
A003,11531,2014/7/29,1,CA,200,Y,55832
A003,11533,2014/7/29,1,OC,48,Y,55832
A003,12761,2014/7/30,1,VH,5,Y,55832
A003,12761,2014/7/30,2,OC,28,Y,55832
A003,12762,2014/7/30,1,OC,51,Y,55832
A003,4414,2014/7/30,1,VH,10,Y,55832
A003,4414,2014/7/30,2,OC,34,Y,55832
A003,1611,2014/7/4,1,VH,5,Y,55832
A003,1611,2014/7/4,2,OC,22.5,Y,55832
A003,14052,2014/7/8,1,OC,23.5,Y,55832
A003,15806,2014/7/9,1,VH,3,Y,55832
A003,15806,2014/7/9,2,OC,27,Y,55832
A003,4345,2014/7/14,1,OC,25,Y,55832
A003,15758,2014/7/25,1,VH,5,Y,55832
A003,15758,2014/7/25,2,OC,18.5,Y,55832
A003,16388,2014/7/3,1,VH,5,Y,55832
A003,16388,2014/7/3,2,OC,18.5,Y,55832
A003,3344,2014/7/5,1,VH,3,Y,55832
A003,3344,2014/7/5,2,OC,39,Y,55832
A003,3382,2014/7/5,1,VH,3,Y,55832
A003,3382,2014/7/5,2,OC,32,Y,55832
A003,13844,2014/7/15,1,CA,100,Y,55832
A003,16480,2014/7/17,1,VH,3,Y,55832
A003,16480,2014/7/17,2,OC,32,Y,55832
A003,1058,2014/7/3,1,VH,3,Y,55832
A003,1058,2014/7/3,2,OC,36,Y,55832
A003,17469,2014/7/11,1,OC,27.5,Y,55832
A003,4344,2014/7/14,1,VH,5,Y,55832
A003,4344,2014/7/14,2,OC,19,Y,55832
A003,490,2014/7/19,1,OC,35,Y,55832
A003,14262,2014/7/23,1,VH,3,Y,55832
A003,14262,2014/7/23,2,OC,27,Y,55832
A003,18064,2014/7/27,1,VH,5,Y,55832
A003,18064,2014/7/27,2,OC,18.5,Y,55832
A003,11532,2014/7/29,1,VH,5,Y,55832
A003,11532,2014/7/29,2,OC,30,Y,55832
A003,4415,2014/7/30,1,VH,3,Y,55832
A003,4415,2014/7/30,2,OC,42,Y,55832
A003,16387,2014/7/3,1,VH,5,Y,55832
A003,16387,2014/7/3,2,OC,18.5,Y,55832
A003,1612,2014/7/4,1,VH,5,Y,55832
A003,1612,2014/7/4,2,OC,18.5,Y,55832
A003,6714,2014/7/8,1,CA,200,Y,55832
A003,10395,2014/7/12,1,CA,100,Y,55832
A003,6889,2014/7/16,1,VH,5,Y,55832
A003,6889,2014/7/16,2,OC,39,Y,55832
A003,491,2014/7/19,1,VH,5,Y,55832
A003,491,2014/7/19,2,OC,41,Y,55832
A001,2673,2014/7/17,1,OC,24.5,N,55838
A001,438,2014/7/28,1,OC,23,N,55838
A001,6454,2014/7/25,1,OC,23,N,55838
A004,16891,2014/7/9,1,OC,53,N,55860
A004,4004,2014/7/7,1,OC,33.5,N,55860
A002,13614,2014/7/2,1,VH,3,Y,55864
A002,13614,2014/7/2,2,OC,35,Y,55864
A002,13614,2014/7/2,1,VH,3,Y,55864
A002,13614,2014/7/2,2,OC,35,Y,55864
A002,13049,2014/7/9,1,VH,5,Y,55864
A002,13049,2014/7/9,2,OC,20,Y,55864
A002,13614,2014/7/2,1,VH,3,Y,55864
A002,13614,2014/7/2,2,OC,35,Y,55864
A002,13606,2014/7/2,1,VH,3,Y,55864
A002,13606,2014/7/2,2,OC,46,Y,55864
A002,13606,2014/7/2,1,VH,3,Y,55864
A002,13606,2014/7/2,2,OC,46,Y,55864
A002,13606,2014/7/2,1,VH,3,Y,55864
A002,13606,2014/7/2,2,OC,46,Y,55864
A001,16045,2014/7/15,1,OC,18,Y,55870
A001,16044,2014/7/15,2,OC,18,Y,55870
A001,16044,2014/7/15,1,VH,5,Y,55870
A001,13242,2014/7/11,1,OC,21,Y,55870
A001,11596,2014/7/9,1,OC,21,Y,55870
A001,6966,2014/7/8,2,OC,20,Y,55870
A001,6966,2014/7/8,1,VH,10,Y,55870
A001,17064,2014/7/3,2,OC,21,Y,55870
A001,17064,2014/7/3,1,VH,5,Y,55870
A003,6942,2014/7/1,2,OC,23.5,Y,55942
A003,6942,2014/7/1,1,VH,5,Y,55942
A003,6941,2014/7/1,2,OC,23.5,Y,55942
A003,6941,2014/7/1,1,VH,5,Y,55942
A002,7396,2014/7/6,1,OC,23,N,55976
A002,1946,2014/7/9,1,OC,23,N,55976
A002,15448,2014/7/11,1,OC,23,N,55976
A002,17389,2014/7/13,1,OC,30,N,55976
A002,11995,2014/7/16,1,OC,24,N,55976
A002,11788,2014/7/24,1,OC,23,N,55976
A002,8218,2014/7/15,1,OC,25,N,55976
A002,6567,2014/7/29,1,OC,24,N,55976
A003,14431,2014/7/1,1,OC,32,Y,56002
A003,15987,2014/7/2,1,VH,5,Y,56002
A003,15987,2014/7/2,2,OC,30,Y,56002
A003,15988,2014/7/2,1,VH,3,Y,56002
A003,15988,2014/7/2,2,OC,34,Y,56002
A003,4250,2014/7/6,1,OC,35,Y,56002
A003,4251,2014/7/6,1,OC,21,Y,56002
A003,4253,2014/7/6,1,VH,5,Y,56002
A003,4253,2014/7/6,2,OC,18,Y,56002
A003,4254,2014/7/6,1,VH,5,Y,56002
A003,4254,2014/7/6,2,OC,18,Y,56002
A003,11828,2014/7/13,1,VH,10,Y,56002
A003,11828,2014/7/13,2,OC,20,Y,56002
A003,11829,2014/7/13,1,OC,20,Y,56002
A003,11830,2014/7/13,1,OC,30,Y,56002
A003,13345,2014/7/14,1,VH,3,Y,56002
A003,13345,2014/7/14,2,OC,50,Y,56002
A003,13347,2014/7/14,1,VH,3,Y,56002
A003,13347,2014/7/14,2,OC,45,Y,56002
A003,13348,2014/7/14,1,VH,3,Y,56002
A003,13348,2014/7/14,2,OC,32,Y,56002
A003,12685,2014/7/14,1,OC,25,Y,56002
A003,12686,2014/7/14,1,OC,20,Y,56002
A003,4636,2014/7/14,1,VH,5,Y,56002
A003,4636,2014/7/14,2,OC,27,Y,56002
A003,4224,2014/7/14,1,OC,21,Y,56002
A003,1136,2014/7/19,1,VH,3,Y,56002
A003,1136,2014/7/19,2,OC,33,Y,56002
A003,1137,2014/7/19,1,VH,3,Y,56002
A003,1137,2014/7/19,2,OC,50,Y,56002
A003,1138,2014/7/19,1,VH,3,Y,56002
A003,1138,2014/7/19,2,OC,48,Y,56002
A003,1153,2014/7/19,1,VH,3,Y,56002
A003,1153,2014/7/19,2,OC,36,Y,56002
A003,1360,2014/7/20,1,OC,21.5,Y,56002
A003,1361,2014/7/20,1,VH,5,Y,56002
A003,1361,2014/7/20,2,OC,20,Y,56002
A003,11241,2014/7/21,1,OC,21.5,Y,56002
A003,11242,2014/7/21,1,VH,10,Y,56002
A003,11242,2014/7/21,2,OC,19,Y,56002
A003,128,2014/7/27,1,VH,10,Y,56002
A003,128,2014/7/27,2,OC,19,Y,56002
A003,129,2014/7/27,1,OC,21.5,Y,56002
A003,10952,2014/7/28,1,VH,3,Y,56002
A003,10952,2014/7/28,2,OC,50,Y,56002
A003,10953,2014/7/28,1,VH,10,Y,56002
A003,10953,2014/7/28,2,OC,44,Y,56002
A003,10954,2014/7/28,1,VH,10,Y,56002
A003,10954,2014/7/28,2,OC,29,Y,56002
A003,10082,2014/7/28,1,VH,5,Y,56002
A003,10082,2014/7/28,2,OC,24,Y,56002
A003,10083,2014/7/28,1,VH,10,Y,56002
A003,10083,2014/7/28,2,OC,19,Y,56002
A003,4252,2014/7/6,1,OC,21,Y,56002
A003,4223,2014/7/14,1,OC,20,Y,56002
A003,12684,2014/7/14,1,VH,5,Y,56002
A003,12684,2014/7/14,2,OC,20,Y,56002
A003,4221,2014/7/14,1,VH,5,Y,56002
A003,4221,2014/7/14,2,OC,18,Y,56002
A003,10951,2014/7/28,1,VH,3,Y,56002
A003,10951,2014/7/28,2,OC,50,Y,56002
A003,14430,2014/7/1,1,VH,5,Y,56002
A003,14430,2014/7/1,2,OC,27,Y,56002
A003,5628,2014/7/7,1,VH,5,Y,56002
A003,5628,2014/7/7,2,OC,29,Y,56002
A003,13346,2014/7/14,1,VH,3,Y,56002
A003,13346,2014/7/14,2,OC,47,Y,56002
A003,14429,2014/7/1,2,OC,24,Y,56002
A003,14429,2014/7/1,1,VH,10,Y,56002
A003,15986,2014/7/2,1,VH,10,Y,56002
A003,15986,2014/7/2,2,OC,37,Y,56002
A003,15989,2014/7/2,1,VH,5,Y,56002
A003,15989,2014/7/2,2,OC,34,Y,56002
A003,4222,2014/7/14,1,OC,20,Y,56002
A003,1362,2014/7/20,1,VH,5,Y,56002
A003,1362,2014/7/20,2,OC,20,Y,56002
A001,4777,2014/7/5,1,VH,3,Y,56014
A001,4777,2014/7/5,2,OC,43,Y,56014
A001,1347,2014/7/14,1,VH,5,Y,56014
A001,1347,2014/7/14,2,OC,21,Y,56014
A001,16615,2014/7/2,1,OC,20,N,56186
A001,3644,2014/7/4,1,OC,21.5,N,56186
A001,4956,2014/7/6,1,OC,20,N,56186
A001,6889,2014/7/8,1,OC,23,N,56186
A001,11767,2014/7/9,1,OC,22,N,56186
A001,7565,2014/7/10,1,OC,23,N,56186
A001,14263,2014/7/12,1,OC,22,N,56186
A001,10330,2014/7/19,1,OC,20,N,56186
A001,11975,2014/7/22,1,OC,40,N,56186
A001,13639,2014/7/24,1,VH,2,N,56186
A001,13639,2014/7/24,2,OC,22.5,N,56186
A001,14168,2014/7/25,1,OC,22,N,56186
A001,16860,2014/7/30,1,OC,23.5,N,56186
A001,1695,2014/7/31,1,OC,20,N,56186
A001,16151,2014/7/1,1,OC,22,N,56186
A001,17257,2014/7/3,1,OC,20,N,56186
A001,16160,2014/7/15,1,OC,20,N,56186
A001,1976,2014/7/1,1,VH,5,Y,56238
A001,1976,2014/7/1,2,OC,18,Y,56238
A001,4437,2014/7/5,1,OC,22,Y,56238
A001,11121,2014/7/8,1,OC,22,Y,56238
A001,12310,2014/7/9,1,VH,3,Y,56238
A001,12310,2014/7/9,2,OC,30,Y,56238
A001,13700,2014/7/11,1,OC,22,Y,56238
A001,15735,2014/7/14,1,OC,22,Y,56238
A001,16384,2014/7/15,1,VH,10,Y,56238
A001,16384,2014/7/15,2,OC,23,Y,56238
A001,10653,2014/7/19,1,OC,21,Y,56238
A001,4390,2014/7/20,1,VH,5,Y,56238
A001,4390,2014/7/20,2,OC,19,Y,56238
A001,5087,2014/7/21,1,OC,22,Y,56238
A001,5958,2014/7/23,1,VH,5,Y,56238
A001,5958,2014/7/23,2,OC,22,Y,56238
A001,5959,2014/7/23,1,OC,21,Y,56238
A001,6375,2014/7/25,1,OC,21,Y,56238
A001,6829,2014/7/26,1,VH,5,Y,56238
A001,6829,2014/7/26,2,OC,18,Y,56238
A001,7812,2014/7/27,1,VH,5,Y,56238
A001,7812,2014/7/27,2,OC,19,Y,56238
A001,1097,2014/7/29,1,OC,21,Y,56238
A001,17436,2014/7/3,1,VH,5,Y,56238
A001,17436,2014/7/3,2,OC,30,Y,56238
A001,15429,2014/7/13,1,VH,10,Y,56238
A001,15429,2014/7/13,2,OC,21,Y,56238
A001,254,2014/7/13,1,OC,22,Y,56238
A001,16856,2014/7/2,1,OC,32,Y,56340
A001,2488,2014/7/2,1,OC,19,Y,56340
A001,17460,2014/7/3,1,OC,32,Y,56340
A001,17063,2014/7/3,1,CA,500,Y,56340
A001,17063,2014/7/3,2,CH,300,Y,56340
A001,3909,2014/7/4,1,OC,20,Y,56340
A001,18090,2014/7/5,1,OC,32,Y,56340
A001,18098,2014/7/5,1,OC,30,Y,56340
A001,17715,2014/7/5,1,CA,500,Y,56340
A001,17715,2014/7/5,2,CH,300,Y,56340
A001,17615,2014/7/5,1,OC,18,Y,56340
A001,10197,2014/7/6,1,VH,10,Y,56340
A001,10197,2014/7/6,2,OC,18,Y,56340
A001,10198,2014/7/6,1,VH,10,Y,56340
A001,10198,2014/7/6,2,OC,19,Y,56340
A001,10143,2014/7/6,1,OC,21.5,Y,56340
A001,10656,2014/7/7,1,OC,18,Y,56340
A001,11102,2014/7/8,1,OC,23,Y,56340
A001,11103,2014/7/8,1,VH,5,Y,56340
A001,11103,2014/7/8,2,OC,19.5,Y,56340
A001,6827,2014/7/8,1,VH,5,Y,56340
A001,6827,2014/7/8,2,OC,24,Y,56340
A001,6675,2014/7/8,1,OC,22.5,Y,56340
A001,11578,2014/7/9,1,OC,18,Y,56340
A001,12578,2014/7/10,1,OC,34,Y,56340
A001,7314,2014/7/10,1,OC,18,Y,56340
A001,13589,2014/7/11,1,OC,32,Y,56340
A001,13149,2014/7/11,1,CA,500,Y,56340
A001,13149,2014/7/11,2,CH,300,Y,56340
A001,13150,2014/7/11,1,OC,18,Y,56340
A001,14390,2014/7/12,1,OC,33,Y,56340
A001,15036,2014/7/13,1,VH,5,Y,56340
A001,15036,2014/7/13,2,OC,20,Y,56340
A001,387,2014/7/13,1,VH,3,Y,56340
A001,387,2014/7/13,2,OC,37,Y,56340
A001,365,2014/7/13,1,VH,3,Y,56340
A001,365,2014/7/13,2,OC,50,Y,56340
A001,366,2014/7/13,1,VH,3,Y,56340
A001,366,2014/7/13,2,OC,36,Y,56340
A001,367,2014/7/13,1,CA,200,Y,56340
A001,655,2014/7/14,1,OC,20,Y,56340
A001,15914,2014/7/15,1,CA,500,Y,56340
A001,15914,2014/7/15,2,CH,300,Y,56340
A001,15915,2014/7/15,1,OC,22,Y,56340
A001,17064,2014/7/16,1,VH,5,Y,56340
A001,17064,2014/7/16,2,OC,20.5,Y,56340
A001,17065,2014/7/16,1,VH,5,Y,56340
A001,17065,2014/7/16,2,OC,19.5,Y,56340
A001,16578,2014/7/16,1,VH,10,Y,56340
A001,16578,2014/7/16,2,OC,19,Y,56340
A001,17150,2014/7/17,1,OC,22,Y,56340
A001,17153,2014/7/17,1,OC,22.5,Y,56340
A001,17822,2014/7/18,1,VH,5,Y,56340
A001,17822,2014/7/18,2,OC,20,Y,56340
A001,10137,2014/7/19,1,OC,20,Y,56340
A001,10138,2014/7/19,1,OC,18,Y,56340
A001,3620,2014/7/20,1,VH,5,Y,56340
A001,3620,2014/7/20,2,OC,18,Y,56340
A001,11391,2014/7/21,1,OC,20,Y,56340
A001,11312,2014/7/21,1,OC,20,Y,56340
A001,5423,2014/7/21,1,VH,3,Y,56340
A001,5423,2014/7/21,2,OC,34,Y,56340
A001,11839,2014/7/22,1,OC,20,Y,56340
A001,12374,2014/7/23,1,OC,22,Y,56340
A001,12922,2014/7/24,1,OC,22,Y,56340
A001,13981,2014/7/25,1,VH,5,Y,56340
A001,13981,2014/7/25,2,OC,20,Y,56340
A001,13982,2014/7/25,1,OC,22.5,Y,56340
A001,14712,2014/7/26,1,OC,22.5,Y,56340
A001,14598,2014/7/26,1,CA,100,Y,56340
A001,7887,2014/7/27,1,CA,100,Y,56340
A001,7888,2014/7/27,1,VH,3,Y,56340
A001,7888,2014/7/27,2,OC,52,Y,56340
A001,16443,2014/7/2,1,VH,5,Y,56340
A001,16443,2014/7/2,2,OC,19,Y,56340
A001,388,2014/7/13,1,VH,3,Y,56340
A001,388,2014/7/13,2,OC,34,Y,56340
A001,11392,2014/7/21,1,OC,20,Y,56340
A001,15192,2014/7/27,1,OC,22.5,Y,56340
A001,7886,2014/7/27,1,VH,3,Y,56340
A001,7886,2014/7/27,2,OC,30,Y,56340
A001,7897,2014/7/27,1,VH,3,Y,56340
A001,7897,2014/7/27,2,OC,50,Y,56340
A001,15962,2014/7/1,1,OC,18,Y,56340
A001,3407,2014/7/4,1,OC,21.5,Y,56340
A001,17714,2014/7/5,1,VH,10,Y,56340
A001,17714,2014/7/5,2,OC,18,Y,56340
A001,6826,2014/7/8,1,CA,200,Y,56340
A001,14035,2014/7/12,1,OC,22.5,Y,56340
A001,15963,2014/7/1,1,CA,500,Y,56340
A001,15963,2014/7/1,2,CH,400,Y,56340
A001,17062,2014/7/3,1,OC,18,Y,56340
A001,11311,2014/7/21,1,CA,500,Y,56340
A001,11311,2014/7/21,2,CH,400,Y,56340
A001,14599,2014/7/26,1,OC,22,Y,56340
A001,3854,2014/7/4,1,OC,34,Y,56340
A001,3528,2014/7/4,1,VH,5,Y,56340
A001,3528,2014/7/4,2,OC,18,Y,56340
A001,11974,2014/7/9,1,VH,5,Y,56340
A001,11974,2014/7/9,2,OC,27,Y,56340
A001,12628,2014/7/10,1,OC,19,Y,56340
A001,17821,2014/7/18,1,OC,20,Y,56340
A001,10139,2014/7/19,1,CA,100,Y,56340
A002,4215,2014/7/12,2,OC,18,Y,56394
A002,4215,2014/7/12,1,VH,5,Y,56394
A002,13976,2014/7/18,2,OC,24,Y,56394
A002,13976,2014/7/18,1,VH,10,Y,56394
A002,8414,2014/7/31,2,OC,19.5,Y,56394
A002,8414,2014/7/31,1,VH,5,Y,56394
A002,10977,2014/7/15,2,OC,39,Y,56394
A002,10977,2014/7/15,1,VH,3,Y,56394
A002,2545,2014/7/2,1,OC,18,Y,56394
A002,6839,2014/7/30,1,OC,20,Y,56394
A002,17649,2014/7/30,2,OC,25,Y,56394
A002,17649,2014/7/30,1,VH,10,Y,56394
A002,16697,2014/7/29,2,OC,23,Y,56394
A002,16697,2014/7/29,1,VH,10,Y,56394
A002,11716,2014/7/24,2,OC,20.5,Y,56394
A002,11716,2014/7/24,1,VH,5,Y,56394
A002,3363,2014/7/19,2,OC,29,Y,56394
A002,3363,2014/7/19,1,VH,5,Y,56394
A002,13503,2014/7/18,2,OC,24,Y,56394
A002,13503,2014/7/18,1,VH,5,Y,56394
A002,479,2014/7/16,2,OC,20,Y,56394
A002,479,2014/7/16,1,VH,10,Y,56394
A002,478,2014/7/16,2,OC,31,Y,56394
A002,478,2014/7/16,1,VH,10,Y,56394
A002,10978,2014/7/15,2,OC,46,Y,56394
A002,10978,2014/7/15,1,VH,3,Y,56394
A002,16828,2014/7/13,1,OC,22.5,Y,56394
A002,3186,2014/7/11,1,OC,21,Y,56394
A002,13481,2014/7/10,1,OC,20,Y,56394
A002,2545,2014/7/2,1,OC,18,Y,56394
A002,2545,2014/7/2,1,OC,18,Y,56394
A002,4215,2014/7/12,2,OC,18,Y,56394
A002,4215,2014/7/12,1,VH,5,Y,56394
A002,13976,2014/7/18,2,OC,24,Y,56394
A002,13976,2014/7/18,1,VH,10,Y,56394
A002,8414,2014/7/31,2,OC,19.5,Y,56394
A002,8414,2014/7/31,1,VH,5,Y,56394
A002,10977,2014/7/15,2,OC,39,Y,56394
A002,10977,2014/7/15,1,VH,3,Y,56394
A002,2545,2014/7/2,1,OC,18,Y,56394
A002,6839,2014/7/30,1,OC,20,Y,56394
A002,17649,2014/7/30,2,OC,25,Y,56394
A002,17649,2014/7/30,1,VH,10,Y,56394
A002,16697,2014/7/29,2,OC,23,Y,56394
A002,16697,2014/7/29,1,VH,10,Y,56394
A002,11716,2014/7/24,2,OC,20.5,Y,56394
A002,11716,2014/7/24,1,VH,5,Y,56394
A002,3363,2014/7/19,2,OC,29,Y,56394
A002,3363,2014/7/19,1,VH,5,Y,56394
A002,13503,2014/7/18,2,OC,24,Y,56394
A002,13503,2014/7/18,1,VH,5,Y,56394
A002,479,2014/7/16,2,OC,20,Y,56394
A002,479,2014/7/16,1,VH,10,Y,56394
A002,478,2014/7/16,2,OC,31,Y,56394
A002,478,2014/7/16,1,VH,10,Y,56394
A002,10978,2014/7/15,2,OC,46,Y,56394
A002,10978,2014/7/15,1,VH,3,Y,56394
A002,16828,2014/7/13,1,OC,22.5,Y,56394
A002,3186,2014/7/11,1,OC,21,Y,56394
A002,13481,2014/7/10,1,OC,20,Y,56394
A002,2545,2014/7/2,1,OC,18,Y,56394
A002,2545,2014/7/2,1,OC,18,Y,56394
A002,4215,2014/7/12,2,OC,18,Y,56394
A002,4215,2014/7/12,1,VH,5,Y,56394
A002,13976,2014/7/18,2,OC,24,Y,56394
A002,13976,2014/7/18,1,VH,10,Y,56394
A002,8414,2014/7/31,2,OC,19.5,Y,56394
A002,8414,2014/7/31,1,VH,5,Y,56394
A002,10977,2014/7/15,2,OC,39,Y,56394
A002,10977,2014/7/15,1,VH,3,Y,56394
A002,2545,2014/7/2,1,OC,18,Y,56394
A002,6839,2014/7/30,1,OC,20,Y,56394
A002,17649,2014/7/30,2,OC,25,Y,56394
A002,17649,2014/7/30,1,VH,10,Y,56394
A002,16697,2014/7/29,2,OC,23,Y,56394
A002,16697,2014/7/29,1,VH,10,Y,56394
A002,11716,2014/7/24,2,OC,20.5,Y,56394
A002,11716,2014/7/24,1,VH,5,Y,56394
A002,3363,2014/7/19,2,OC,29,Y,56394
A002,3363,2014/7/19,1,VH,5,Y,56394
A002,13503,2014/7/18,2,OC,24,Y,56394
A002,13503,2014/7/18,1,VH,5,Y,56394
A002,479,2014/7/16,2,OC,20,Y,56394
A002,479,2014/7/16,1,VH,10,Y,56394
A002,478,2014/7/16,2,OC,31,Y,56394
A002,478,2014/7/16,1,VH,10,Y,56394
A002,10978,2014/7/15,2,OC,46,Y,56394
A002,10978,2014/7/15,1,VH,3,Y,56394
A002,16828,2014/7/13,1,OC,22.5,Y,56394
A002,3186,2014/7/11,1,OC,21,Y,56394
A002,13481,2014/7/10,1,OC,20,Y,56394
A002,2545,2014/7/2,1,OC,18,Y,56394
A002,2545,2014/7/2,1,OC,18,Y,56394
A002,11349,2014/7/1,1,OC,54,N,56404
A002,13680,2014/7/2,1,OC,42,N,56404
A002,16795,2014/7/5,1,OC,27,N,56404
A002,13680,2014/7/2,1,OC,42,N,56404
A002,17507,2014/7/13,1,OC,49.5,N,56404
A002,1763,2014/7/17,1,OC,43,N,56404
A002,2886,2014/7/19,1,OC,50.5,N,56404
A002,8527,2014/7/31,1,OC,27,N,56404
A002,8101,2014/7/31,1,OC,88,N,56404
A002,13680,2014/7/2,1,OC,42,N,56404
A002,16484,2014/7/21,1,OC,54.5,N,56404
A002,2130,2014/7/9,1,OC,94,N,56404
A001,14932,2014/7/13,2,OC,19,Y,56438
A001,14932,2014/7/13,2,OC,19,Y,56438
A001,14932,2014/7/13,1,VH,10,Y,56438
A001,14932,2014/7/13,1,VH,10,Y,56438
A001,14931,2014/7/13,1,OC,20,Y,56438
A001,14931,2014/7/13,1,OC,20,Y,56438
A003,2786,2014/7/5,1,VH,5,Y,56460
A003,2786,2014/7/5,2,OC,25,Y,56460
A003,11061,2014/7/5,1,OC,149,N,56508
A003,1457,2014/7/28,1,OC,82.5,N,56508
A003,8708,2014/7/26,1,OC,130,N,56508
A003,214,2014/7/3,1,OC,23,N,56620
A003,11279,2014/7/6,1,OC,28.5,N,56620
A003,14929,2014/7/9,1,OC,24.5,N,56620
A003,8272,2014/7/10,1,OC,29,N,56620
A003,2248,2014/7/12,1,OC,51,N,56620
A003,1416,2014/7/12,1,OC,24.5,N,56620
A003,8272,2014/7/10,1,OC,29,N,56620
A003,12534,2014/7/30,1,OC,29,N,56620
A003,13607,2014/7/15,1,OC,24.5,N,56620
A003,6151,2014/7/24,1,OC,29,N,56620
A003,17375,2014/7/18,1,VH,5,Y,56622
A003,17375,2014/7/18,2,OC,20,Y,56622
A004,8500,2014/7/2,1,VH,3,Y,56768
A004,8500,2014/7/2,1,VH,3,Y,56768
A004,8500,2014/7/2,2,OC,46,Y,56768
A004,8500,2014/7/2,2,OC,46,Y,56768
A004,13178,2014/7/4,1,OC,21,Y,56768
A004,13178,2014/7/4,1,OC,21,Y,56768
A004,16216,2014/7/9,1,OC,21,Y,56768
A004,16216,2014/7/9,1,OC,21,Y,56768
A004,7934,2014/7/10,1,VH,5,Y,56768
A004,7934,2014/7/10,1,VH,5,Y,56768
A004,7934,2014/7/10,2,OC,20,Y,56768
A004,7934,2014/7/10,2,OC,20,Y,56768
A004,1800,2014/7/13,1,OC,18,Y,56768
A004,1800,2014/7/13,1,OC,18,Y,56768
A004,2750,2014/7/14,1,VH,5,Y,56768
A004,2750,2014/7/14,1,VH,5,Y,56768
A004,2750,2014/7/14,2,OC,0,Y,56768
A004,2750,2014/7/14,2,OC,0,Y,56768
A004,13876,2014/7/16,1,OC,20,Y,56768
A004,13876,2014/7/16,1,OC,20,Y,56768
A004,16073,2014/7/18,1,OC,18,Y,56768
A004,16073,2014/7/18,1,OC,18,Y,56768
A004,5740,2014/7/18,1,VH,10,Y,56768
A004,5740,2014/7/18,1,VH,10,Y,56768
A004,5740,2014/7/18,2,OC,21,Y,56768
A004,5740,2014/7/18,2,OC,21,Y,56768
A004,2750,2014/7/14,1,VH,4,Y,56768
A004,2750,2014/7/14,1,VH,4,Y,56768
A004,2750,2014/7/14,2,OC,0,Y,56768
A004,2750,2014/7/14,2,OC,0,Y,56768
A004,12243,2014/7/3,1,OC,21,Y,56768
A004,12243,2014/7/3,1,OC,21,Y,56768
A004,14630,2014/7/6,1,OC,18,Y,56768
A004,14630,2014/7/6,1,OC,18,Y,56768
A004,12814,2014/7/15,1,OC,23,Y,56768
A004,12814,2014/7/15,1,OC,23,Y,56768
A004,8501,2014/7/2,1,VH,3,Y,56768
A004,8501,2014/7/2,1,VH,3,Y,56768
A004,8501,2014/7/2,2,OC,39,Y,56768
A004,8501,2014/7/2,2,OC,39,Y,56768
A004,17213,2014/7/10,1,OC,18,Y,56768
A004,17213,2014/7/10,1,OC,18,Y,56768
A004,4583,2014/7/17,1,OC,21,Y,56768
A004,4583,2014/7/17,1,OC,21,Y,56768
A004,17577,2014/7/11,1,OC,21,Y,56768
A004,17577,2014/7/11,1,OC,21,Y,56768
A004,10291,2014/7/12,1,OC,20,Y,56768
A004,10291,2014/7/12,1,OC,20,Y,56768
A004,10293,2014/7/12,1,OC,21,Y,56768
A004,10293,2014/7/12,1,OC,21,Y,56768
A002,3196,2014/7/2,1,VH,3,Y,56778
A002,3196,2014/7/2,1,VH,3,Y,56778
A002,3196,2014/7/2,2,OC,27,Y,56778
A002,3196,2014/7/2,2,OC,27,Y,56778
A002,5223,2014/7/4,1,VH,3,Y,56778
A002,5223,2014/7/4,1,VH,3,Y,56778
A002,5223,2014/7/4,2,OC,27,Y,56778
A002,5223,2014/7/4,2,OC,27,Y,56778
A002,3196,2014/7/2,1,VH,3,Y,56778
A002,3196,2014/7/2,1,VH,3,Y,56778
A002,3196,2014/7/2,2,OC,27,Y,56778
A002,3196,2014/7/2,2,OC,27,Y,56778
A002,3196,2014/7/2,1,VH,3,Y,56778
A002,3196,2014/7/2,1,VH,3,Y,56778
A002,3196,2014/7/2,2,OC,27,Y,56778
A002,3196,2014/7/2,2,OC,27,Y,56778
A002,11992,2014/7/24,1,VH,3,Y,56778
A002,11992,2014/7/24,1,VH,3,Y,56778
A002,11992,2014/7/24,2,OC,27,Y,56778
A002,11992,2014/7/24,2,OC,27,Y,56778
A003,16796,2014/7/3,1,OC,20,Y,56818
A003,17826,2014/7/4,1,OC,24,Y,56818
A003,10436,2014/7/12,1,CA,100,Y,56818
A003,5840,2014/7/15,1,CA,100,Y,56818
A003,5841,2014/7/15,1,VH,3,Y,56818
A003,5841,2014/7/15,2,OC,38,Y,56818
A003,5842,2014/7/15,1,VH,5,Y,56818
A003,5842,2014/7/15,2,OC,44,Y,56818
A003,5843,2014/7/15,1,OC,51,Y,56818
A003,2064,2014/7/20,1,OC,18,Y,56818
A003,7557,2014/7/25,1,OC,18,Y,56818
A003,10435,2014/7/12,1,OC,35,Y,56818
A002,707,2014/7/16,1,VH,5,Y,56822
A002,707,2014/7/16,1,VH,5,Y,56822
A002,707,2014/7/16,2,OC,19,Y,56822
A002,707,2014/7/16,2,OC,19,Y,56822
A002,10811,2014/7/23,1,OC,24,Y,56822
A002,10811,2014/7/23,1,OC,24,Y,56822
A002,3168,2014/7/2,1,OC,24.5,Y,56822
A002,3168,2014/7/2,1,OC,24.5,Y,56822
A002,3168,2014/7/2,1,OC,24.5,Y,56822
A002,3168,2014/7/2,1,OC,24.5,Y,56822
A002,3168,2014/7/2,1,OC,24.5,Y,56822
A002,3168,2014/7/2,1,OC,24.5,Y,56822
A003,17935,2014/7/19,1,OC,20,Y,56932
A003,172,2014/7/3,1,OC,20,Y,56932
A003,13853,2014/7/31,2,OC,22,Y,56932
A003,13853,2014/7/31,1,VH,10,Y,56932
A003,4762,2014/7/31,1,CA,100,Y,56932
A003,7210,2014/7/17,1,OC,20,Y,56932
A003,10242,2014/7/20,2,OC,10,Y,56932
A003,10242,2014/7/20,1,VH,10,Y,56932
A003,8108,2014/7/18,1,OC,20,Y,56932
A003,4763,2014/7/31,1,OC,20,Y,56932
A003,12447,2014/7/30,1,OC,20,Y,56932
A003,7964,2014/7/26,1,OC,20,Y,56932
A003,7115,2014/7/25,1,OC,20,Y,56932
A003,7114,2014/7/25,1,CA,100,Y,56932
A003,14503,2014/7/24,1,OC,20,Y,56932
A003,4978,2014/7/23,1,OC,22.5,Y,56932
A003,8107,2014/7/18,1,CA,100,Y,56932
A003,7455,2014/7/17,2,OC,24,Y,56932
A003,7455,2014/7/17,1,VH,10,Y,56932
A003,6077,2014/7/16,1,OC,20,Y,56932
A003,1361,2014/7/12,1,OC,20,Y,56932
A003,149,2014/7/11,1,OC,20,Y,56932
A003,6984,2014/7/9,1,OC,20,Y,56932
A003,7312,2014/7/9,2,OC,20,Y,56932
A003,7312,2014/7/9,1,VH,10,Y,56932
A003,5949,2014/7/8,1,OC,20,Y,56932
A003,2577,2014/7/5,1,OC,20,Y,56932
A003,1407,2014/7/4,1,OC,20,Y,56932
A003,15093,2014/7/2,1,OC,20,Y,56932
A001,18106,2014/7/18,1,OC,32,N,56974
A001,11243,2014/7/21,1,OC,32,N,56974
A001,18110,2014/7/18,1,OC,29,N,56974
A001,2062,2014/7/15,1,OC,34,N,56974
A002,5864,2014/7/13,1,OC,25,N,56980
A004,14674,2014/7/6,1,OC,22.5,Y,57024
A004,12470,2014/7/14,1,OC,25,Y,57024
A004,12470,2014/7/14,1,OC,25,Y,57024
A004,5313,2014/7/8,1,OC,20,Y,57024
A004,5029,2014/7/7,2,OC,38,Y,57024
A004,5029,2014/7/7,1,VH,3,Y,57024
A004,208,2014/7/11,1,OC,20,Y,57024
A004,5028,2014/7/7,2,OC,34,Y,57024
A004,5028,2014/7/7,1,VH,3,Y,57024
A004,15305,2014/7/7,2,OC,18,Y,57024
A004,15305,2014/7/7,1,VH,5,Y,57024
A004,15304,2014/7/7,2,OC,20,Y,57024
A004,15304,2014/7/7,1,VH,5,Y,57024
A004,2799,2014/7/14,2,OC,20,Y,57024
A004,2799,2014/7/14,1,VH,5,Y,57024
A004,2798,2014/7/14,1,OC,20.5,Y,57024
A004,12480,2014/7/14,2,OC,21,Y,57024
A004,12480,2014/7/14,1,VH,5,Y,57024
A004,12476,2014/7/14,1,OC,20,Y,57024
A004,15342,2014/7/17,2,OC,19.5,Y,57024
A004,15342,2014/7/17,1,VH,5,Y,57024
A004,2799,2014/7/14,2,OC,20,Y,57024
A004,2799,2014/7/14,1,VH,5,Y,57024
A004,2798,2014/7/14,1,OC,20.5,Y,57024
A004,12480,2014/7/14,2,OC,21,Y,57024
A004,12480,2014/7/14,1,VH,5,Y,57024
A004,12476,2014/7/14,1,OC,20,Y,57024
A004,6712,2014/7/9,1,OC,20.5,Y,57024
A004,13072,2014/7/4,1,OC,22.5,Y,57024
A004,11084,2014/7/1,1,OC,22.5,Y,57024
A004,11083,2014/7/1,2,OC,18,Y,57024
A004,11083,2014/7/1,1,VH,5,Y,57024
A004,11746,2014/7/1,2,OC,44,Y,57024
A004,11746,2014/7/1,1,VH,3,Y,57024
A004,11745,2014/7/1,2,OC,36,Y,57024
A004,11745,2014/7/1,1,VH,3,Y,57024
A004,11744,2014/7/1,2,OC,51,Y,57024
A004,11744,2014/7/1,1,VH,3,Y,57024
A004,11743,2014/7/1,1,CA,100,Y,57024
A002,12060,2014/7/1,1,OC,41.5,N,57046
A002,11721,2014/7/16,1,OC,30,N,57146
A002,10585,2014/7/15,1,OC,38,N,57146
A002,2888,2014/7/2,1,OC,34,N,57146
A002,6244,2014/7/29,1,OC,36,N,57146
A002,13360,2014/7/26,1,OC,34,N,57146
A002,6806,2014/7/22,1,OC,32,N,57146
A002,530,2014/7/8,1,OC,34,N,57146
A002,7096,2014/7/6,1,OC,35,N,57146
A002,2888,2014/7/2,1,OC,34,N,57146
A002,2888,2014/7/2,1,OC,34,N,57146
A002,3192,2014/7/2,1,VH,3,Y,57166
A002,3192,2014/7/2,2,OC,34,Y,57166
A002,3186,2014/7/2,1,VH,3,Y,57166
A002,3186,2014/7/2,2,OC,27,Y,57166
A002,3186,2014/7/2,1,VH,3,Y,57166
A002,3186,2014/7/2,2,OC,27,Y,57166
A002,3192,2014/7/2,1,VH,3,Y,57166
A002,3192,2014/7/2,2,OC,34,Y,57166
A002,17476,2014/7/6,1,VH,5,Y,57166
A002,17476,2014/7/6,2,OC,27,Y,57166
A002,10528,2014/7/7,1,VH,10,Y,57166
A002,10528,2014/7/7,2,OC,20,Y,57166
A002,10533,2014/7/7,1,VH,5,Y,57166
A002,10533,2014/7/7,2,OC,37,Y,57166
A002,10535,2014/7/7,1,OC,34,Y,57166
A002,8265,2014/7/15,1,VH,5,Y,57166
A002,8265,2014/7/15,2,OC,18,Y,57166
A002,13811,2014/7/18,1,OC,25,Y,57166
A002,16188,2014/7/20,1,OC,22,Y,57166
A002,11893,2014/7/24,1,VH,5,Y,57166
A002,11893,2014/7/24,2,OC,18,Y,57166
A002,13655,2014/7/26,1,VH,5,Y,57166
A002,13655,2014/7/26,2,OC,18,Y,57166
A002,4020,2014/7/27,1,OC,23,Y,57166
A002,6524,2014/7/29,1,OC,22.5,Y,57166
A002,17959,2014/7/30,1,VH,5,Y,57166
A002,17959,2014/7/30,2,OC,22.5,Y,57166
A002,3186,2014/7/2,1,VH,3,Y,57166
A002,3186,2014/7/2,2,OC,27,Y,57166
A002,3192,2014/7/2,1,VH,3,Y,57166
A002,3192,2014/7/2,2,OC,34,Y,57166
A002,17421,2014/7/6,1,OC,24.5,Y,57166
A002,4940,2014/7/12,1,OC,28.5,Y,57166
A002,14179,2014/7/18,1,OC,20,Y,57166
A002,6523,2014/7/29,1,OC,22.5,Y,57166
A002,16189,2014/7/20,1,VH,5,Y,57166
A002,16189,2014/7/20,2,OC,18,Y,57166
A002,3185,2014/7/2,1,VH,3,Y,57166
A002,3185,2014/7/2,2,OC,44,Y,57166
A002,3185,2014/7/2,1,VH,3,Y,57166
A002,3185,2014/7/2,2,OC,44,Y,57166
A002,3185,2014/7/2,1,VH,3,Y,57166
A002,3185,2014/7/2,2,OC,44,Y,57166
A003,13615,2014/7/7,1,OC,6,N,57224
A003,13614,2014/7/7,1,OC,69,N,57224
A004,11200,2014/7/1,1,VH,10,Y,57262
A004,11200,2014/7/1,2,OC,18.5,Y,57262
A004,6665,2014/7/1,1,CA,200,Y,57262
A004,12853,2014/7/3,1,OC,21,Y,57262
A004,488,2014/7/3,1,VH,5,Y,57262
A004,488,2014/7/3,2,OC,22,Y,57262
A003,18012,2014/7/4,1,VH,10,Y,57262
A003,18012,2014/7/4,2,OC,18,Y,57262
A004,14003,2014/7/5,1,OC,28.5,Y,57262
A004,4399,2014/7/7,1,VH,10,Y,57262
A004,4399,2014/7/7,2,OC,20,Y,57262
A004,16636,2014/7/9,1,CA,200,Y,57262
A004,16637,2014/7/9,1,OC,24.5,Y,57262
A004,357,2014/7/11,1,VH,10,Y,57262
A004,357,2014/7/11,2,OC,19,Y,57262
A004,10817,2014/7/12,1,OC,20,Y,57262
A004,12852,2014/7/3,1,OC,21,Y,57262
A004,2102,2014/7/5,1,OC,24,Y,57262
A004,6447,2014/7/8,1,VH,3,Y,57262
A004,6447,2014/7/8,2,OC,32,Y,57262
A004,3470,2014/7/6,1,OC,21,Y,57262
A004,7895,2014/7/10,1,OC,20,Y,57262
A004,8153,2014/7/2,1,OC,19,Y,57262
A001,7321,2014/7/27,2,OC,20,Y,57410
A001,7321,2014/7/27,1,VH,5,Y,57410
A001,10912,2014/7/19,2,OC,41,Y,57410
A001,10912,2014/7/19,1,VH,3,Y,57410
A001,17789,2014/7/18,2,OC,20,Y,57410
A001,17789,2014/7/18,1,VH,5,Y,57410
A001,15934,2014/7/1,2,OC,23,Y,57410
A001,15934,2014/7/1,1,VH,5,Y,57410
A001,96,2014/7/28,2,OC,20,Y,57410
A001,96,2014/7/28,1,VH,5,Y,57410
A001,15202,2014/7/13,1,OC,20,Y,57410
A001,7322,2014/7/27,1,OC,20,Y,57410
A001,1490,2014/7/31,2,OC,20,Y,57410
A001,1490,2014/7/31,1,VH,5,Y,57410
A001,2225,2014/7/31,2,OC,46,Y,57410
A001,2225,2014/7/31,1,VH,3,Y,57410
A001,2224,2014/7/31,2,OC,39,Y,57410
A001,2224,2014/7/31,1,VH,10,Y,57410
A001,97,2014/7/28,1,OC,18,Y,57410
A001,7099,2014/7/26,2,OC,35,Y,57410
A001,7099,2014/7/26,1,VH,3,Y,57410
A001,11424,2014/7/21,1,OC,20,Y,57410
A001,11423,2014/7/21,1,OC,20,Y,57410
A001,3770,2014/7/20,2,OC,24,Y,57410
A001,3770,2014/7/20,1,VH,5,Y,57410
A001,10911,2014/7/19,1,CA,100,Y,57410
A001,856,2014/7/14,1,OC,20,Y,57410
A001,855,2014/7/14,2,OC,20,Y,57410
A001,855,2014/7/14,1,VH,5,Y,57410
A001,15203,2014/7/13,1,OC,20,Y,57410
A001,7896,2014/7/12,2,OC,35,Y,57410
A001,7896,2014/7/12,1,VH,3,Y,57410
A001,5686,2014/7/7,2,OC,24,Y,57410
A001,5686,2014/7/7,1,VH,5,Y,57410
A001,4635,2014/7/5,2,OC,43,Y,57410
A001,4635,2014/7/5,1,VH,3,Y,57410
A001,4208,2014/7/4,2,OC,40,Y,57410
A001,4208,2014/7/4,1,VH,3,Y,57410
A001,4207,2014/7/4,2,OC,44,Y,57410
A001,4207,2014/7/4,1,VH,3,Y,57410
A001,4202,2014/7/4,1,CA,200,Y,57410
A003,10726,2014/7/5,1,OC,21,N,57618
A003,12033,2014/7/21,1,OC,22,N,57618
A003,14228,2014/7/31,1,OC,20,N,57618
A003,3489,2014/7/5,1,OC,53,Y,57622
A003,3489,2014/7/5,1,OC,53,Y,57622
A003,12801,2014/7/7,1,VH,5,Y,57622
A003,12801,2014/7/7,1,VH,5,Y,57622
A003,12801,2014/7/7,2,OC,23,Y,57622
A003,12801,2014/7/7,2,OC,23,Y,57622
A003,7700,2014/7/9,1,OC,23,Y,57622
A003,7700,2014/7/9,1,OC,23,Y,57622
A003,3488,2014/7/5,1,VH,5,Y,57622
A003,3488,2014/7/5,1,VH,5,Y,57622
A003,3488,2014/7/5,2,OC,25,Y,57622
A003,3488,2014/7/5,2,OC,25,Y,57622
A003,17107,2014/7/26,1,CA,100,Y,57622
A003,17107,2014/7/26,1,CA,100,Y,57622
A003,12799,2014/7/7,1,VH,5,Y,57622
A003,12799,2014/7/7,1,VH,5,Y,57622
A003,12799,2014/7/7,2,OC,18,Y,57622
A003,12799,2014/7/7,2,OC,18,Y,57622
A003,18018,2014/7/27,1,OC,20.5,Y,57622
A003,18018,2014/7/27,1,OC,20.5,Y,57622
A003,2569,2014/7/21,1,OC,22,Y,57638
A003,14155,2014/7/15,2,OC,20.5,Y,57638
A003,14155,2014/7/15,1,VH,5,Y,57638
A003,834,2014/7/3,2,OC,18,Y,57638
A003,834,2014/7/3,1,VH,5,Y,57638
A003,6070,2014/7/16,1,OC,20,Y,57638
A003,15138,2014/7/16,2,OC,22,Y,57638
A003,15138,2014/7/16,1,VH,5,Y,57638
A003,3844,2014/7/6,1,OC,20,Y,57638
A003,3166,2014/7/29,2,OC,20.5,Y,57638
A003,3166,2014/7/29,1,VH,5,Y,57638
A003,16638,2014/7/26,1,OC,22,Y,57638
A003,5987,2014/7/24,1,OC,22,Y,57638
A003,13579,2014/7/15,1,OC,22,Y,57638
A003,160,2014/7/11,1,OC,22,Y,57638
A003,5905,2014/7/8,1,OC,20,Y,57638
A003,2563,2014/7/5,1,OC,22,Y,57638
A003,13908,2014/7/1,1,OC,22,Y,57638
A003,5336,2014/7/31,2,OC,22,Y,57638
A003,5336,2014/7/31,1,VH,5,Y,57638
A003,4720,2014/7/31,1,OC,20,Y,57638
A003,2604,2014/7/29,1,OC,20,Y,57638
A003,4424,2014/7/22,2,OC,20.5,Y,57638
A003,4424,2014/7/22,1,VH,5,Y,57638
A003,17923,2014/7/19,1,OC,22,Y,57638
A003,3713,2014/7/14,2,OC,10,Y,57638
A003,3713,2014/7/14,1,VH,10,Y,57638
A003,8110,2014/7/10,1,OC,20,Y,57638
A003,8110,2014/7/10,1,OC,20,Y,57638
A003,7627,2014/7/9,1,OC,22,Y,57638
A003,3615,2014/7/30,1,OC,22,Y,57638
A003,4130,2014/7/30,2,OC,20.5,Y,57638
A003,4130,2014/7/30,1,VH,5,Y,57638
A003,12176,2014/7/29,2,OC,29,Y,57638
A003,12176,2014/7/29,1,VH,10,Y,57638
A003,2019,2014/7/28,2,OC,17,Y,57638
A003,2019,2014/7/28,1,VH,10,Y,57638
A003,10052,2014/7/28,1,OC,22,Y,57638
A003,123,2014/7/27,1,OC,20,Y,57638
A003,767,2014/7/27,1,VH,5,Y,57638
A003,767,2014/7/27,2,OC,22,Y,57638
A003,17181,2014/7/26,2,OC,20.5,Y,57638
A003,17181,2014/7/26,1,VH,5,Y,57638
A003,15430,2014/7/25,1,OC,20,Y,57638
A003,16107,2014/7/25,2,OC,22,Y,57638
A003,16107,2014/7/25,1,VH,5,Y,57638
A003,15046,2014/7/24,2,OC,20.5,Y,57638
A003,15046,2014/7/24,1,VH,5,Y,57638
A003,5461,2014/7/23,2,OC,22,Y,57638
A003,5461,2014/7/23,1,VH,5,Y,57638
A003,13361,2014/7/23,1,OC,20,Y,57638
A003,3833,2014/7/22,1,OC,20,Y,57638
A003,11867,2014/7/21,2,OC,16,Y,57638
A003,11867,2014/7/21,1,VH,10,Y,57638
A003,10107,2014/7/20,1,OC,20,Y,57638
A003,10796,2014/7/20,2,OC,20.5,Y,57638
A003,10796,2014/7/20,1,VH,5,Y,57638
A003,18470,2014/7/19,1,VH,5,Y,57638
A003,18470,2014/7/19,2,OC,20.5,Y,57638
A003,16809,2014/7/18,1,OC,20,Y,57638
A003,7194,2014/7/17,1,OC,22,Y,57638
A003,16158,2014/7/17,2,OC,20.5,Y,57638
A003,16158,2014/7/17,1,VH,5,Y,57638
A003,15153,2014/7/16,1,CA,100,Y,57638
A003,15152,2014/7/16,2,OC,19,Y,57638
A003,15152,2014/7/16,1,VH,5,Y,57638
A003,4336,2014/7/14,2,OC,8,Y,57638
A003,4336,2014/7/14,1,VH,10,Y,57638
A003,2521,2014/7/13,1,OC,20,Y,57638
A003,11875,2014/7/13,2,OC,15.5,Y,57638
A003,11875,2014/7/13,1,VH,10,Y,57638
A003,8728,2014/7/10,2,OC,19,Y,57638
A003,8728,2014/7/10,1,VH,5,Y,57638
A003,1364,2014/7/12,1,OC,22,Y,57638
A003,1942,2014/7/12,2,OC,20.5,Y,57638
A003,1942,2014/7/12,1,VH,5,Y,57638
A003,8728,2014/7/10,2,OC,19,Y,57638
A003,8728,2014/7/10,1,VH,5,Y,57638
A003,14939,2014/7/9,1,OC,22,Y,57638
A003,14393,2014/7/8,2,OC,20.5,Y,57638
A003,14393,2014/7/8,1,VH,5,Y,57638
A003,4777,2014/7/7,1,OC,22,Y,57638
A003,5431,2014/7/7,2,OC,20.5,Y,57638
A003,5431,2014/7/7,1,VH,5,Y,57638
A003,4358,2014/7/6,2,OC,18.5,Y,57638
A003,4358,2014/7/6,1,VH,5,Y,57638
A003,3214,2014/7/5,1,OC,21,Y,57638
A003,17280,2014/7/4,1,OC,20,Y,57638
A003,177,2014/7/3,1,OC,22,Y,57638
A003,15078,2014/7/2,1,OC,20,Y,57638
A003,15673,2014/7/2,1,VH,5,Y,57638
A003,15673,2014/7/2,2,OC,18.5,Y,57638
A003,14574,2014/7/1,1,OC,21.5,Y,57638
A003,11195,2014/7/13,1,OC,38,N,57792
A003,11195,2014/7/13,1,OC,38,N,57792
A003,12493,2014/7/14,1,OC,20,N,57792
A003,12493,2014/7/14,1,OC,20,N,57792
A003,5902,2014/7/24,1,OC,20,N,57792
A003,5902,2014/7/24,1,OC,20,N,57792
A003,15337,2014/7/25,1,OC,20,N,57792
A003,15337,2014/7/25,1,OC,20,N,57792
A003,13343,2014/7/31,1,OC,20,N,57792
A003,13343,2014/7/31,1,OC,20,N,57792
A003,6234,2014/7/8,1,VH,5,Y,57868
A003,6234,2014/7/8,2,OC,28,Y,57868
A003,6235,2014/7/8,1,VH,10,Y,57868
A003,6235,2014/7/8,2,OC,27,Y,57868
A003,6236,2014/7/8,1,VH,10,Y,57868
A003,6236,2014/7/8,2,OC,28,Y,57868
A003,15074,2014/7/9,1,OC,22,N,57876
A003,6984,2014/7/1,1,OC,21,Y,57924
A003,6985,2014/7/1,1,OC,21,Y,57924
A003,6986,2014/7/1,1,OC,20.5,Y,57924
A003,3979,2014/7/6,1,OC,21,Y,57924
A003,3981,2014/7/6,1,VH,10,Y,57924
A003,3981,2014/7/6,2,OC,18.5,Y,57924
A003,12793,2014/7/7,1,VH,5,Y,57924
A003,12793,2014/7/7,2,OC,19.5,Y,57924
A003,2759,2014/7/13,1,OC,20.5,Y,57924
A003,2760,2014/7/13,1,OC,22.5,Y,57924
A003,12680,2014/7/14,1,OC,21,Y,57924
A003,12681,2014/7/14,1,VH,5,Y,57924
A003,12681,2014/7/14,2,OC,20,Y,57924
A003,13780,2014/7/15,1,VH,5,Y,57924
A003,13780,2014/7/15,2,OC,20,Y,57924
A003,6238,2014/7/16,1,OC,22.5,Y,57924
A003,6239,2014/7/16,1,OC,21,Y,57924
A003,6240,2014/7/16,1,OC,21,Y,57924
A003,6241,2014/7/16,1,VH,5,Y,57924
A003,6241,2014/7/16,2,OC,19.5,Y,57924
A003,17040,2014/7/18,1,OC,21,Y,57924
A003,17041,2014/7/18,1,VH,5,Y,57924
A003,17041,2014/7/18,2,OC,19.5,Y,57924
A003,302,2014/7/19,1,OC,21,Y,57924
A003,303,2014/7/19,1,OC,20.5,Y,57924
A003,1626,2014/7/20,1,OC,21,Y,57924
A003,1627,2014/7/20,1,OC,20.5,Y,57924
A003,2863,2014/7/21,1,OC,20.5,Y,57924
A003,12577,2014/7/22,1,VH,10,Y,57924
A003,12577,2014/7/22,2,OC,19,Y,57924
A003,5464,2014/7/23,1,VH,5,Y,57924
A003,5464,2014/7/23,2,OC,18,Y,57924
A003,5127,2014/7/23,1,OC,21,Y,57924
A003,14992,2014/7/24,1,VH,5,Y,57924
A003,14992,2014/7/24,2,OC,19.5,Y,57924
A003,14993,2014/7/24,1,VH,5,Y,57924
A003,14993,2014/7/24,2,OC,18,Y,57924
A003,16837,2014/7/26,1,OC,18,Y,57924
A003,16838,2014/7/26,1,OC,20.5,Y,57924
A003,17990,2014/7/27,1,OC,21,Y,57924
A003,17991,2014/7/27,1,VH,5,Y,57924
A003,17991,2014/7/27,2,OC,19.5,Y,57924
A003,1554,2014/7/28,1,OC,21,Y,57924
A003,1555,2014/7/28,1,OC,20.5,Y,57924
A003,1556,2014/7/28,1,VH,10,Y,57924
A003,1556,2014/7/28,2,OC,19,Y,57924
A003,12666,2014/7/30,1,VH,5,Y,57924
A003,12666,2014/7/30,2,OC,20,Y,57924
A003,12667,2014/7/30,1,OC,20.5,Y,57924
A003,5128,2014/7/23,1,OC,20.5,Y,57924
A003,2758,2014/7/13,1,OC,21,Y,57924
A003,1625,2014/7/20,1,OC,22.5,Y,57924
A003,386,2014/7/27,1,VH,10,Y,57924
A003,386,2014/7/27,2,OC,19,Y,57924
A003,3980,2014/7/6,1,OC,20.5,Y,57924
A003,12792,2014/7/7,1,OC,21,Y,57924
A003,12576,2014/7/22,1,OC,21,Y,57924
A003,16836,2014/7/26,1,VH,5,Y,57924
A003,16836,2014/7/26,2,OC,20,Y,57924
A001,16182,2014/7/1,1,OC,20,N,57980
A001,5332,2014/7/6,1,OC,40,N,57980
A001,289,2014/7/13,1,OC,24.5,N,57980
A001,292,2014/7/13,1,OC,20,N,57980
A001,12499,2014/7/23,1,OC,20,N,57980
A001,12500,2014/7/23,1,CA,100,N,57980
A001,13901,2014/7/11,1,OC,19,N,57980
A001,5881,2014/7/22,2,OC,28,Y,57988
A001,5881,2014/7/22,1,VH,10,Y,57988
A001,16149,2014/7/1,2,OC,8,Y,57988
A001,16149,2014/7/1,1,VH,10,Y,57988
A001,6347,2014/7/23,2,OC,36,Y,57988
A001,6347,2014/7/23,1,VH,3,Y,57988
A001,7921,2014/7/12,2,OC,27,Y,57988
A001,7921,2014/7/12,1,VH,10,Y,57988
A001,7920,2014/7/12,2,OC,29,Y,57988
A001,7920,2014/7/12,1,VH,10,Y,57988
A003,3198,2014/7/5,1,VH,5,Y,58086
A003,3198,2014/7/5,2,OC,20.5,Y,58086
A003,3816,2014/7/6,1,VH,5,Y,58086
A003,3816,2014/7/6,2,OC,23.5,Y,58086
A003,12637,2014/7/7,1,VH,5,Y,58086
A003,12637,2014/7/7,2,OC,15,Y,58086
A003,7588,2014/7/9,1,OC,18,Y,58086
A003,8228,2014/7/10,1,VH,5,Y,58086
A003,8228,2014/7/10,2,OC,20,Y,58086
A003,8228,2014/7/10,1,VH,5,Y,58086
A003,8228,2014/7/10,2,OC,20,Y,58086
A003,12983,2014/7/14,1,OC,23,Y,58086
A003,12984,2014/7/14,1,OC,20,Y,58086
A003,12985,2014/7/14,1,VH,5,Y,58086
A003,12985,2014/7/14,2,OC,20.5,Y,58086
A003,12523,2014/7/14,1,OC,21,Y,58086
A003,12524,2014/7/14,1,OC,20.5,Y,58086
A003,12525,2014/7/14,1,VH,10,Y,58086
A003,12525,2014/7/14,2,OC,10.5,Y,58086
A003,6536,2014/7/16,1,CA,100,Y,58086
A003,6537,2014/7/16,1,VH,5,Y,58086
A003,6537,2014/7/16,2,OC,19.5,Y,58086
A003,6538,2014/7/16,1,VH,5,Y,58086
A003,6538,2014/7/16,2,OC,18,Y,58086
A003,15654,2014/7/17,1,OC,20.5,Y,58086
A003,1397,2014/7/20,1,OC,20,Y,58086
A003,12217,2014/7/21,1,VH,3,Y,58086
A003,12217,2014/7/21,2,OC,47,Y,58086
A003,3610,2014/7/21,1,VH,3,Y,58086
A003,3610,2014/7/21,2,OC,47,Y,58086
A003,3611,2014/7/21,1,VH,3,Y,58086
A003,3611,2014/7/21,2,OC,41,Y,58086
A003,13680,2014/7/23,1,OC,20.5,Y,58086
A003,17862,2014/7/27,1,OC,20,Y,58086
A003,660,2014/7/27,1,VH,2,Y,58086
A003,660,2014/7/27,2,OC,21,Y,58086
A003,10108,2014/7/28,1,OC,20.5,Y,58086
A003,13997,2014/7/1,1,VH,5,Y,58086
A003,13997,2014/7/1,2,OC,19.5,Y,58086
A003,16682,2014/7/26,1,VH,5,Y,58086
A003,16682,2014/7/26,2,OC,20,Y,58086
A003,1685,2014/7/4,1,VH,5,Y,58086
A003,1685,2014/7/4,2,OC,25,Y,58086
A003,11327,2014/7/13,1,OC,20,Y,58086
A003,13671,2014/7/15,1,OC,20.5,Y,58086
A003,3609,2014/7/21,1,VH,3,Y,58086
A003,3609,2014/7/21,2,OC,51,Y,58086
A003,13576,2014/7/31,1,OC,20.5,Y,58086
A003,8004,2014/7/2,1,VH,5,Y,58086
A003,8004,2014/7/2,2,OC,19.5,Y,58086
A003,8621,2014/7/18,1,VH,5,Y,58086
A003,8621,2014/7/18,2,OC,18,Y,58086
A003,659,2014/7/27,1,VH,2,Y,58086
A003,659,2014/7/27,2,OC,23.5,Y,58086
A003,4134,2014/7/30,1,VH,2,Y,58086
A003,4134,2014/7/30,2,OC,23.5,Y,58086
A002,722,2014/7/24,1,OC,60,N,58094
A002,13167,2014/7/2,1,OC,93,N,58094
A002,13167,2014/7/2,1,OC,93,N,58094
A002,13167,2014/7/2,1,OC,93,N,58094
A002,14510,2014/7/10,1,OC,35,N,58122
A003,12260,2014/7/22,1,OC,20.5,Y,58180
A003,12261,2014/7/22,1,OC,25,Y,58180
A003,11219,2014/7/6,1,OC,27.5,Y,58180
A003,11218,2014/7/6,1,VH,5,Y,58180
A003,11218,2014/7/6,2,OC,22.5,Y,58180
A003,11217,2014/7/6,1,OC,20.5,Y,58180
A002,1223,2014/7/1,1,OC,19,N,58208
A002,10001,2014/7/7,1,OC,24.5,N,58208
A002,418,2014/7/8,1,OC,34,N,58208
A002,10724,2014/7/15,1,OC,22,N,58208
A002,8367,2014/7/15,1,OC,49,N,58208
A002,12094,2014/7/16,1,OC,44,N,58208
A002,13239,2014/7/17,1,OC,44,N,58208
A002,12702,2014/7/17,1,OC,35,N,58208
A002,3673,2014/7/19,1,OC,44,N,58208
A002,17014,2014/7/21,1,OC,22,N,58208
A002,6155,2014/7/21,1,OC,37,N,58208
A002,5216,2014/7/21,1,OC,24.5,N,58208
A002,13751,2014/7/26,1,OC,44,N,58208
A002,16085,2014/7/28,1,OC,44,N,58208
A002,4352,2014/7/28,1,OC,19,N,58208
A002,6082,2014/7/29,1,OC,32,N,58208
A002,12886,2014/7/2,1,OC,30,N,58208
A002,15301,2014/7/4,1,OC,34,N,58208
A002,12886,2014/7/2,1,OC,30,N,58208
A002,15456,2014/7/11,1,OC,37,N,58208
A002,12886,2014/7/2,1,OC,30,N,58208
A002,10868,2014/7/23,1,OC,35,N,58208
A003,1143,2014/7/3,1,VH,3,Y,58378
A003,1143,2014/7/3,2,OC,31,Y,58378
A003,15706,2014/7/17,1,OC,22.5,Y,58378
A003,15707,2014/7/17,1,VH,5,Y,58378
A003,15707,2014/7/17,2,OC,24,Y,58378
A003,15708,2014/7/17,1,OC,21,Y,58378
A003,18057,2014/7/19,1,OC,29,Y,58378
A003,1375,2014/7/20,1,VH,5,Y,58378
A003,1375,2014/7/20,2,OC,24,Y,58378
A003,1376,2014/7/20,1,OC,24,Y,58378
A003,8048,2014/7/26,1,OC,25,Y,58378
A003,8049,2014/7/26,1,OC,21,Y,58378
A003,7970,2014/7/2,1,VH,5,Y,58378
A003,7970,2014/7/2,2,OC,19.5,Y,58378
A003,15709,2014/7/17,1,OC,16,Y,58378
A004,11152,2014/7/1,1,OC,20,Y,58390
A004,11152,2014/7/1,1,OC,20,Y,58390
A004,11152,2014/7/1,1,OC,20,Y,58390
A004,11152,2014/7/1,1,OC,20,Y,58390
A004,11152,2014/7/1,1,OC,20,Y,58390
A004,11152,2014/7/1,1,OC,20,Y,58390
A004,11152,2014/7/1,1,OC,20,Y,58390
A004,11152,2014/7/1,1,OC,20,Y,58390
A004,11152,2014/7/1,1,OC,20,Y,58390
A004,11152,2014/7/1,1,OC,20,Y,58390
A004,11152,2014/7/1,1,OC,20,Y,58390
A004,11152,2014/7/1,1,OC,20,Y,58390
A004,11152,2014/7/1,1,OC,20,Y,58390
A004,11152,2014/7/1,1,OC,20,Y,58390
A004,11152,2014/7/1,1,OC,20,Y,58390
A004,11152,2014/7/1,1,OC,20,Y,58390
A004,11152,2014/7/1,1,OC,20,Y,58390
A004,6936,2014/7/1,1,VH,3,Y,58390
A004,6936,2014/7/1,1,VH,3,Y,58390
A004,6936,2014/7/1,1,VH,3,Y,58390
A004,6936,2014/7/1,1,VH,3,Y,58390
A004,6936,2014/7/1,1,VH,3,Y,58390
A004,6936,2014/7/1,1,VH,3,Y,58390
A004,6936,2014/7/1,1,VH,3,Y,58390
A004,6936,2014/7/1,1,VH,3,Y,58390
A004,6936,2014/7/1,1,VH,3,Y,58390
A004,6936,2014/7/1,1,VH,3,Y,58390
A004,6936,2014/7/1,1,VH,3,Y,58390
A004,6936,2014/7/1,1,VH,3,Y,58390
A004,6936,2014/7/1,1,VH,3,Y,58390
A004,6936,2014/7/1,1,VH,3,Y,58390
A004,6936,2014/7/1,1,VH,3,Y,58390
A004,6936,2014/7/1,1,VH,3,Y,58390
A004,6936,2014/7/1,1,VH,3,Y,58390
A004,6936,2014/7/1,2,OC,33,Y,58390
A004,6936,2014/7/1,2,OC,33,Y,58390
A004,6936,2014/7/1,2,OC,33,Y,58390
A004,6936,2014/7/1,2,OC,33,Y,58390
A004,6936,2014/7/1,2,OC,33,Y,58390
A004,6936,2014/7/1,2,OC,33,Y,58390
A004,6936,2014/7/1,2,OC,33,Y,58390
A004,6936,2014/7/1,2,OC,33,Y,58390
A004,6936,2014/7/1,2,OC,33,Y,58390
A004,6936,2014/7/1,2,OC,33,Y,58390
A004,6936,2014/7/1,2,OC,33,Y,58390
A004,6936,2014/7/1,2,OC,33,Y,58390
A004,6936,2014/7/1,2,OC,33,Y,58390
A004,6936,2014/7/1,2,OC,33,Y,58390
A004,6936,2014/7/1,2,OC,33,Y,58390
A004,6936,2014/7/1,2,OC,33,Y,58390
A004,6936,2014/7/1,2,OC,33,Y,58390
A004,12313,2014/7/3,1,VH,5,Y,58390
A004,12313,2014/7/3,1,VH,5,Y,58390
A004,12313,2014/7/3,1,VH,5,Y,58390
A004,12313,2014/7/3,1,VH,5,Y,58390
A004,12313,2014/7/3,1,VH,5,Y,58390
A004,12313,2014/7/3,1,VH,5,Y,58390
A004,12313,2014/7/3,1,VH,5,Y,58390
A004,12313,2014/7/3,1,VH,5,Y,58390
A004,12313,2014/7/3,1,VH,5,Y,58390
A004,12313,2014/7/3,1,VH,5,Y,58390
A004,12313,2014/7/3,1,VH,5,Y,58390
A004,12313,2014/7/3,1,VH,5,Y,58390
A004,12313,2014/7/3,1,VH,5,Y,58390
A004,12313,2014/7/3,1,VH,5,Y,58390
A004,12313,2014/7/3,1,VH,5,Y,58390
A004,12313,2014/7/3,1,VH,5,Y,58390
A004,12313,2014/7/3,1,VH,5,Y,58390
A004,12313,2014/7/3,2,OC,17.5,Y,58390
A004,12313,2014/7/3,2,OC,17.5,Y,58390
A004,12313,2014/7/3,2,OC,17.5,Y,58390
A004,12313,2014/7/3,2,OC,17.5,Y,58390
A004,12313,2014/7/3,2,OC,17.5,Y,58390
A004,12313,2014/7/3,2,OC,17.5,Y,58390
A004,12313,2014/7/3,2,OC,17.5,Y,58390
A004,12313,2014/7/3,2,OC,17.5,Y,58390
A004,12313,2014/7/3,2,OC,17.5,Y,58390
A004,12313,2014/7/3,2,OC,17.5,Y,58390
A004,12313,2014/7/3,2,OC,17.5,Y,58390
A004,12313,2014/7/3,2,OC,17.5,Y,58390
A004,12313,2014/7/3,2,OC,17.5,Y,58390
A004,12313,2014/7/3,2,OC,17.5,Y,58390
A004,12313,2014/7/3,2,OC,17.5,Y,58390
A004,12313,2014/7/3,2,OC,17.5,Y,58390
A004,12313,2014/7/3,2,OC,17.5,Y,58390
A004,13298,2014/7/4,1,VH,5,Y,58390
A004,13298,2014/7/4,1,VH,5,Y,58390
A004,13298,2014/7/4,1,VH,5,Y,58390
A004,13298,2014/7/4,1,VH,5,Y,58390
A004,13298,2014/7/4,1,VH,5,Y,58390
A004,13298,2014/7/4,1,VH,5,Y,58390
A004,13298,2014/7/4,1,VH,5,Y,58390
A004,13298,2014/7/4,1,VH,5,Y,58390
A004,13298,2014/7/4,1,VH,5,Y,58390
A004,13298,2014/7/4,1,VH,5,Y,58390
A004,13298,2014/7/4,1,VH,5,Y,58390
A004,13298,2014/7/4,1,VH,5,Y,58390
A004,13298,2014/7/4,1,VH,5,Y,58390
A004,13298,2014/7/4,1,VH,5,Y,58390
A004,13298,2014/7/4,1,VH,5,Y,58390
A004,13298,2014/7/4,1,VH,5,Y,58390
A004,13298,2014/7/4,1,VH,5,Y,58390
A004,13298,2014/7/4,2,OC,19.5,Y,58390
A004,13298,2014/7/4,2,OC,19.5,Y,58390
A004,13298,2014/7/4,2,OC,19.5,Y,58390
A004,13298,2014/7/4,2,OC,19.5,Y,58390
A004,13298,2014/7/4,2,OC,19.5,Y,58390
A004,13298,2014/7/4,2,OC,19.5,Y,58390
A004,13298,2014/7/4,2,OC,19.5,Y,58390
A004,13298,2014/7/4,2,OC,19.5,Y,58390
A004,13298,2014/7/4,2,OC,19.5,Y,58390
A004,13298,2014/7/4,2,OC,19.5,Y,58390
A004,13298,2014/7/4,2,OC,19.5,Y,58390
A004,13298,2014/7/4,2,OC,19.5,Y,58390
A004,13298,2014/7/4,2,OC,19.5,Y,58390
A004,13298,2014/7/4,2,OC,19.5,Y,58390
A004,13298,2014/7/4,2,OC,19.5,Y,58390
A004,13298,2014/7/4,2,OC,19.5,Y,58390
A004,13298,2014/7/4,2,OC,19.5,Y,58390
A004,13170,2014/7/4,1,OC,20,Y,58390
A004,13170,2014/7/4,1,OC,20,Y,58390
A004,13170,2014/7/4,1,OC,20,Y,58390
A004,13170,2014/7/4,1,OC,20,Y,58390
A004,13170,2014/7/4,1,OC,20,Y,58390
A004,13170,2014/7/4,1,OC,20,Y,58390
A004,13170,2014/7/4,1,OC,20,Y,58390
A004,13170,2014/7/4,1,OC,20,Y,58390
A004,13170,2014/7/4,1,OC,20,Y,58390
A004,13170,2014/7/4,1,OC,20,Y,58390
A004,13170,2014/7/4,1,OC,20,Y,58390
A004,13170,2014/7/4,1,OC,20,Y,58390
A004,13170,2014/7/4,1,OC,20,Y,58390
A004,13170,2014/7/4,1,OC,20,Y,58390
A004,13170,2014/7/4,1,OC,20,Y,58390
A004,13170,2014/7/4,1,OC,20,Y,58390
A004,13170,2014/7/4,1,OC,20,Y,58390
A004,13204,2014/7/4,1,OC,23.5,Y,58390
A004,13204,2014/7/4,1,OC,23.5,Y,58390
A004,13204,2014/7/4,1,OC,23.5,Y,58390
A004,13204,2014/7/4,1,OC,23.5,Y,58390
A004,13204,2014/7/4,1,OC,23.5,Y,58390
A004,13204,2014/7/4,1,OC,23.5,Y,58390
A004,13204,2014/7/4,1,OC,23.5,Y,58390
